<application>
  <component name="BaseRefactoringSettings">
    <option name="SAFE_DELETE_WHEN_DELETE" value="false" />
    <option name="SAFE_DELETE_SEARCH_IN_COMMENTS" value="false" />
    <option name="RENAME_SEARCH_IN_COMMENTS_FOR_FILE" value="false" />
    <option name="RENAME_SEARCH_FOR_TEXT_FOR_FILE" value="false" />
  </component>
  <component name="RefactoringSettings">
    <option name="RENAME_SEARCH_FOR_TEXT_FOR_CLASS" value="false" />
    <option name="TYPE_COOK_COOK_OBJECTS" value="true" />
    <option name="INTRODUCE_CONSTANT_VISIBILITY" value="public" />
    <option name="INTRODUCE_LOCAL_CREATE_FINALS" value="true" />
    <option name="RENAME_ACCESSORS" value="false" />
  </component>
</application>