<application>
  <component name="LocalDatabaseDriverManager" version="201">
    <driver id="cassandra">
      <artifact id="Cassandra" name="Cassandra" use="true" version="1.4" />
    </driver>
    <driver id="clickhouse">
      <artifact id="ClickHouse" name="ClickHouse" use="true" version="0.4.2" />
    </driver>
    <driver id="db2" name="DB2 (LUW)" />
    <driver id="db2.jtopen" name="DB2 (JTOpen)" />
    <driver id="derby.embedded" name="Derby (Embedded)" />
    <driver id="derby.remote" name="Derby (Remote)" />
    <driver id="sqlserver.ms" name="SQL Server (Microsoft)">
      <option name="auto-sync" value="false" />
    </driver>
    <driver id="sqlserver.jtds" name="SQL Server (jTds)">
      <option name="auto-sync" value="false" />
    </driver>
    <driver id="mysql" name="MySQL" />
    <driver id="oracle" name="Oracle">
      <option name="auto-sync" value="false" />
    </driver>
    <driver id="postgresql">
      <artifact id="PostgreSQL" name="PostgreSQL" use="true" version="42.6.0" />
    </driver>
    <driver id="sqlite.xerial" name="Sqlite (Xerial)" />
    <driver id="sybase.jtds">
      <option name="auto-sync" value="false" />
    </driver>
    <driver id="sybase.ase" name="Sybase (Native)">
      <option name="auto-sync" value="false" />
    </driver>
    <driver id="redis">
      <artifact id="Redis" name="Redis" use="true" version="1.4" />
    </driver>
  </component>
</application>