<application>
  <component name="CommunityFileTypes" version="11">
    <ignoreFiles list="CVS;SCCS;RCS;rcs;.DS_Store;.svn;.pyc;.pyo;*.pyc;*.pyo;.git;*.hprof;_svn;.hg;*.lib;*~;__pycache__;.bundle;*.rbc;" />
    <extensionMap>
      <mapping ext="g" type="ANTLR v4 grammar file" />
      <mapping ext="p12" type="PLAIN_TEXT" />
      <mapping ext="clj" type="PLAIN_TEXT" />
      <mapping ext="req" type="PLAIN_TEXT" />
      <mapping ext="jspx" type="XML" />
      <mapping ext="tagx" type="XML" />
    </extensionMap>
  </component>
  <component name="FileTypeManager" version="19">
    <ignoreFiles list="*.pyc;*.pyo;*.rbc;*~;.DS_Store;.git;.hg;.mypy_cache;.pytest_cache;.ruff_cache;.svn;CVS;RCS;SCCS;__pycache__;_svn;rcs" />
    <extensionMap>
      <mapping pattern="int" type="AUTO_DETECTED" />
      <mapping pattern=".env.*" type="Env File" />
      <mapping ext="env" type="Env File" />
      <mapping pattern=".pdd" type="PLAIN_TEXT" />
      <mapping pattern="authorized_keys" type="PLAIN_TEXT" />
      <mapping pattern=".npmrc" type="PLAIN_TEXT" />
      <mapping pattern="id_rsa" type="PLAIN_TEXT" />
      <mapping pattern="xsl/a" type="PLAIN_TEXT" />
      <mapping pattern=".xcop" type="PLAIN_TEXT" />
      <mapping pattern="_pmo" type="PLAIN_TEXT" />
      <mapping ext="key" type="PLAIN_TEXT" />
      <mapping ext="p12" type="PLAIN_TEXT" />
      <mapping ext="pub" type="PLAIN_TEXT" />
      <mapping ext="pws" type="PLAIN_TEXT" />
      <mapping ext="php" type="PLAIN_TEXT" />
      <mapping ext="base64" type="PLAIN_TEXT" />
      <mapping ext="plantuml" type="PlantUML file" />
      <removed_mapping ext="apk" approved="true" type="ARCHIVE" />
      <removed_mapping ext="pdf" approved="true" type="Native" />
      <removed_mapping ext="psd" approved="true" type="Image" />
      <removed_mapping pattern=".md" approved="true" type="Markdown" />
    </extensionMap>
  </component>
</application>