<application>
  <component name="GraziConfig">
    <option name="enabledLanguages">
      <set>
        <option value="English (US)" />
        <option value="Russian" />
      </set>
    </option>
    <option name="suppressingContext">
      <SuppressingContext>
        <option name="suppressed">
          <set>
            <option value="on-disk hash map|Also, on-disk hash map doesn't perform well." />
            <option value="false set|subscribe to the topic set given timeout in seconds poll the datasets that have 'seen' == false set 'seen' to true" />
            <option value="until|In case of error, Lambda retries until succeeded or data expired" />
            <option value="on|Let's stop on presenting skills." />
            <option value="and .|Driven by and ." />
            <option value="including ,,|\Large \nospell{Aliaks\'ei Bial\'iauski}/ / Work ExperienceOpen Source 10/22--present EO-CQRS, (EU) Created small, reusable software packages and libraries for clean microservices development, including ,, , ." />
            <option value="ASGs|Also, with ASGs we can ensure that we have a minimum and a maximum number of EC2 Instances running." />
            <option value="RCUs|In case if you are exceed the WCUs or RCUs you'll get a throttling: ``" />
            <option value="end end" />
            <option value="Integration|Mentored junior developers.GCP Instances UML Terraform Java Spring BigQuery Google Cloud StorageUSKO TMS Integration, (USA), 07/22--01/23 CDC Integration with Oracle NetSuite via Celigo in real time." />
            <option value="bot bot" />
            <option value="pms pms" />
            <option value="the overwrite" />
            <option value="writes|If the writes are throttled on the GSI, then the main table will be throttled!" />
            <option value="de-registering|Connection Draining for CLB, Deregistration Delay for ALB and NLB - time to complete 'in-flight requests' while the instance is de-registering or unhealthy." />
            <option value="USA|OHIP Upsell Engine, (USA), 09/23--." />
            <option value="Alarms|Health checks that monitor CloudWatch Alarms Health" />
            <option value="Getaway, ,|For Brasada, I found this page as well, where they serve a variety of packages like Winter Getaway, , and rate-calendars are different for each package." />
            <option value="comments|@startuml title Comment Thread Scenario actor User as user participant UI as ui participant API as api database Comments as comments database Threads as threads" />
            <option value="”" />
            <option value="HTTP|SNS can send messages directly to emails, mobile notifications, HTTP(S) endpoints AWS services: , , ." />
            <option value="|State is a Mandatory Declarative by definition" />
            <option value="github" />
            <option value="Threads|@startuml title Create Thread Scenario actor User as user participant UI as ui participant API as api database Threads as threads" />
            <option value="write|Read Lock - if no thread acquired the write lock or requested" />
            <option value=",|We start don't care about servers, algorithms, and performance execution, again in most software projects." />
            <option value="Spacelift,|While other companies like Spacelift," />
            <option value="project|create project with default" />
            <option value="'" />
            <option value="(" />
            <option value=")" />
            <option value="architect|As we discussed here, diagramming is inevitable activity of software architect and other developers" />
            <option value="|as Server Abstraction as Client Abstraction Influx DB" />
            <option value="," />
            <option value="BYN|\Large \nospell{2023, Budget Planning}Income 1: I1 = 800 320 Save, ~1313 BYN 1000 BYN Save ~325 BYN: ~130 BYN gym (pre-save) ~160 BYN train ~35 BYN haircut ~40 BYN metro pass ~120 BYN eating out" />
            <option value="Please,|Probably the link is broken." />
            <option value="crashes|In order to make the database resilient to crashes, it is common for B-tree implementations to include an additional data structure on disk: a write-ahead log (WAL)." />
            <option value="BSc" />
            <option value="the|To avoid yet another evil suffix of your objects: , a.k.a Worker, we just need to introduce the" />
            <option value="camp apply and learn|mentor camp apply and learn" />
            <option value="overwrite|It is assumed that the overwrite does not change the location of the page; i.e., all references to that page remain intact when the page is overwritten." />
            <option value="on|Let's stop on presenting skills here." />
            <option value="Document|Document can be also updated:" />
            <option value="Savings|Convertible Reserved Instances — long workloads with flexible instances, you can change the , , , , less discount comparing to Reserved Instances." />
            <option value="Case|Kafka Producer IT Case" />
            <option value="way|Project XProduct StatementStakeholders and NeedsSponsor: to raise investments Developer: to earn money by programming Users: to develop projects in new, effective way Actors and FeaturesQuality Requirements" />
            <option value="doesn't|GlossaryProduct StatementAll modern platforms including JIRA, Basecamp, Trello, etc. doesn't capable of full integration of Stakeholders and Needs Sponsor: to raise investments." />
            <option value="de-registering|Connection Draining for CLB, Deregistration Delay for ALB and NLB - time to complete 'in-flight requests' while the instance is de-registering or unhealthy" />
            <option value="a support of|The search engine should have a support of an autocomplete The search results should be ranked based on search query popularity (Research) The search and server are designed in a declarative, object-oriented way Master branch is read-only; integration happens only after pull request is merged, which is controlled by code reviewer and quality pipeline." />
            <option value="IN NO EVENT SHALL THE * AUTHORS OR COPYRIGHT HOLDERS BE LIABLE FOR ANY CLAIM, DAMAGES OR OTHER * LIABILITY, WHETHER IN AN ACTION OF CONTRACT, TORT OR OTHERWISE, ARISING FROM, * OUT OF OR IN CONNECTION WITH THE SOFTWARE OR THE USE OR OTHER DEALINGS IN THE * SOFTWARE.|* * THE SOFTWARE IS PROVIDED &quot;AS IS&quot;, WITHOUT WARRANTY OF ANY KIND, EXPRESS OR * IMPLIED, INCLUDING BUT NOT LIMITED TO THE WARRANTIES OF MERCHANTABILITY, * FITNESS FOR A PARTICULAR PURPOSE AND NON-INFRINGEMENT." />
            <option value="|+one problem \Large \nospell{2024}Software EngineeringTechnical Books Book &amp; Start &amp; End Object Thinking &amp; &amp; Elegant Objects vol.2 &amp; &amp; Life Milestones Objective &amp; Achieved Find a Mentor &amp; Join Big Project &amp; Apply to EU &amp; Camping Mentorship &amp; 10,500 BYN at 01.06 &amp; 2100 at 01.06 &amp;" />
            <option value="chat-bot" />
            <option value="quote Define|{% quote Define our results of manipulations with objects as other objects %}" />
            <option value="cli&quot;|Additional CLI can be installed, called &quot;EB cli&quot; which makes working with Beanstalk from the CLI easier." />
            <option value="xray|You can run it by setting one option in .ebextensions/xray-daemon.config:" />
            <option value="availability count|The User makes a request to Upsell Engine, Upsell Engine returns a response to the User, containing reservations count info, availability count info, and CSV file with names and emails." />
            <option value="list|we imply: ... (list of patterns, best practices, principles)" />
            <option value="IN NO EVENT SHALL THE AUTHORS OR COPYRIGHT HOLDERS BE LIABLE FOR ANY CLAIM, DAMAGES OR OTHER LIABILITY, WHETHER IN AN ACTION OF CONTRACT, TORT OR OTHERWISE, ARISING FROM, OUT OF OR IN CONNECTION WITH THE SOFTWARE OR THE USE OR OTHER DEALINGS IN THE SOFTWARE.|THE SOFTWARE IS PROVIDED &quot;AS IS&quot;, WITHOUT WARRANTY OF ANY KIND, EXPRESS OR IMPLIED, INCLUDING BUT NOT LIMITED TO THE WARRANTIES OF MERCHANTABILITY, FITNESS FOR A PARTICULAR PURPOSE AND NON-INFRINGEMENT." />
            <option value="write|When a write comes in, add it to an in-memory balanced tree data structure (for example, a red-black tree)." />
            <option value="sort|Local secondary index—An index that has the same partition key as the base table, but a different sort key." />
            <option value="checksNodeIsNotPresent" />
            <option value="on|MFA will be required to permanently delete an object version, or suspend versioning on the bucket." />
            <option value="Insights|Insights Events can be sent to S3 bucket and EventBridge." />
            <option value="to setup" />
            <option value="BYN|\Large \nospell{2023, Budget Planning}Income 1: I1 = 800 320 Save, ~1313 BYN 1000 BYN Save ~325 BYN: ~130 BYN gym (pre-save) ~160 BYN train instructor ~35 BYN haircut ~40 BYN metro pass ~120 BYN eating out" />
            <option value="write|Read Lock - if no thread acquired the write lock or request" />
            <option value="in|Permission is hereby granted, free of charge, to any person obtaining a copy of this software and associated documentation files (the &quot;Software&quot;), to deal in the Software without restriction, including without limitation the rights to use, copy, modify, merge, publish, distribute, sublicense, and/or sell copies of the Software, and to permit persons to whom the Software is furnished to do so, subject to the following conditions:" />
            <option value="Effect, ,|For Brasada, I found this page as well, where they serve a variety of packages like Winter Getaway, The Bungalow Effect, , and rate-calendars are different for each package." />
            <option value="de-registering|Stops sending new requests to the EC2 instance which is de-registering." />
            <option value="Master" />
            <option value="using}Todo:|\Large \nospell{Goods I'm using}Todo:Objective &amp; Achieved DotMusic &amp; 01.09.23 Internal lead &amp; Rework schedule &amp; 01.09.23 AWS Developer &amp; UML Distilled &amp; Laptop-free Saturday &amp; Fix blog &amp; 30.09.23" />
            <option value="Tetherow|Parse Daily Tetherow JSON dataLayer" />
            <option value="@startuml title Add Image URL for Room Type actor User as user participant &quot;Upsell UI&quot; as ui participant &quot;Upsell Engine&quot; as upsell database &quot;Room Types&quot; as types participant OHIP as ohip participant &quot;Landing Page&quot; as landing actor &quot;Target Customer&quot; as target|@startuml title Add Image URL for Room Type actor User as user participant &quot;Upsell UI&quot; as ui participant &quot;Upsell Engine&quot; as upsell database &quot;Room Types&quot; as types participant OHIP as ohip participant &quot;Landing Page&quot; as landing actor &quot;Target Customer&quot; as target" />
            <option value="Tracehub.git" />
            <option value="}" />
            <option value="dataset&quot;;ADD|&lt;XPATH &quot;broker/topics/topic[name = &amp;apos;&amp;apos;]&quot;;ADDIF &quot;datasets&quot;;ADD &quot;dataset&quot;;ADD &quot;partition&quot;; 4:SET &quot;0&quot;;UP;ADDIF &quot;key&quot;;SET &quot;test&quot;;UP;ADDIF &quot;value&quot;;SET &quot;&quot;;&gt;" />
            <option value="@startuml title Sending Email with Upgrade Link actor User as user participant &quot;Upsell UI&quot; as ui participant &quot;Upsell Engine&quot; as upsell participant &quot;Email Server&quot; as email participant OHIP as ohip database Links as links participant &quot;Landing Page&quot; as landing actor &quot;Target Customer&quot; as target|@startuml title Sending Email with Upgrade Link actor User as user participant &quot;Upsell UI&quot; as ui participant &quot;Upsell Engine&quot; as upsell participant &quot;Email Server&quot; as email participant OHIP as ohip database Links as links participant &quot;Landing Page&quot; as landing actor &quot;Target Customer&quot; as target" />
            <option value="ReservationsRequest" />
            <option value="login|When the token becomes expired, you should login again." />
            <option value="the|To use MFA Delete you must enable versioning on the" />
            <option value="disciplines,|I summarize all the RUP phases into the following disciplines, the developer realms:" />
            <option value="Reservations|Response structure: Target Upsell From Reservations: Room Type: Reservations Count," />
            <option value="Ha|+one problem \Large \nospell{2024} Strong disciplined individual." />
            <option value="Savings|Good for databases." />
            <option value="from|Access from other services" />
            <option value="are the project|They know how to boost their salary, what kind of performance project expects from them, what are the project risks, and so." />
            <option value="маркировка" />
            <option value="JavaScript, that|CloudFront Functions are lightweight functions written in JavaScript, that modify Viewer Request and Viewer Response." />
            <option value="Project|UC3 where User (a user) can create Project (a project) using Web UI: The user provides information about the project online, the system creates the project." />
            <option value="using}Groceries:|\Large \nospell{Goods I'm using}Groceries:Good &amp; Price, ~ Soap Stuff: Good &amp; Price, ~" />
            <option value="2xx|Interval 30s (can set to 10s) Ability to choose which locations you want Route 53 to use Health checks pass only when the ednpoint responds with 2xx and 3xx status codes" />
            <option value="to wait|Using , on each polling you can tell your consumer how long to wait before getting a response." />
            <option value="a support of an|The search engine should have a support of an autocomplete." />
            <option value="ReservationsModel" />
            <option value="|+one problem \Large \nospell{2024}Software EngineeringTechnical Books Book &amp; Start &amp; End Object Thinking &amp; &amp; Working Effectively With Legacy Code &amp; &amp; Code Complete &amp; &amp; Life Milestones Objective &amp; Achieved Find a Mentor &amp; Join Big Project &amp; Apply to EU &amp; Camping Mentorship &amp; 10,500 BYN at 01.06 &amp; 2100 at 01.06 &amp;" />
            <option value="Elasticsearch snapshots" />
            <option value="Project|UC4 where User (a user) can create Project (a project) using git:" />
            <option value="a microservices architecture," />
            <option value="crashes|In order to make the database resilient to crashes, it is common for B-tree implementations to include an additional data structure on disk: a write-ahead log (WAL, also known as a redo log)." />
            <option value="investments|Project XProduct StatementStakeholders and NeedsSponsor: to raise investments Developer: to earn money by programming Users: to develop projects in new, effective way Actors and FeaturesQuality Requirements" />
            <option value="strongly-typed|Programming Language and Platform: Java, strongly-typed, object-oriented programming language and JVM platform." />
            <option value="In|+one problem \Large \nospell{2024} Hands-on Software Developer who step-by-step becomes Senior Software Development Expert, by inventing things and providing high-end implementation." />
            <option value="изготовленную" />
            <option value="de-registering|This feature stops sending new requests to the EC2 Instance, which is de-registering." />
            <option value="wrong.|is something went wrong." />
            <option value="Juniper Preserve|Parse Daily Juniper Preserve JSON dataLayer for the next 90 days" />
            <option value="one|You even can combine scalars into bigger one, using decorators:" />
            <option value="wrong|is something went wrong" />
            <option value=":|An automated build, usually triggered by someone checking code into the source repository, will: check out the latest version; compile and unit-test the code; integrate and package the system; perform a production-like deployment into a realistic environment; and, finally, exercise the system through its external access points." />
            <option value="|+one problem \Large \nospell{2024}Software EngineeringTechnical Books Book &amp; Start &amp; End Object Thinking &amp; &amp; Working Effectively With Legacy Code &amp; &amp; Life Milestones Objective &amp; Achieved Find a Mentor &amp; Join Big Project &amp; Apply to EU &amp; Camping Mentorship &amp; 10,500 BYN at 01.06 &amp; 2100 at 01.06 &amp;" />
            <option value="login|When token becomes expired, you should login again." />
            <option value="Web|Invite Performer to the Project on Web" />
            <option value="Assign|testing a new version of applications Assign a weight of 0 to a record to stop sending traffic to a resource." />
            <option value="configs configs" />
            <option value=",|Since, we want to scrape prices for Brasada, and rivals(including Juniper Preserve, Sunriver, Tetherow, Riverhouse)." />
            <option value="shards, it's|DynamoDB Streams are made of shards like Kinesis Data Streams, but you don't need to provision shards, it's automated by AWS." />
            <option value="Мы не сообщаем Scalar куда ему положить данные – мы просим его дать нам результат его" />
            <option value="room type|You will get a CSV file with all customers in upsell from room type:" />
            <option value="3xx|Interval 30s (can set to 10s) Ability to choose which locations you want Route 53 to use Health checks pass only when the ednpoint responds with 2xx and 3xx" />
            <option value="One Bedroom|Enjoy a Grand One Bedroom Suite during your entire stay for $25 more per night." />
            <option value="in app|If you want to test a new release locally, run (assuming you are in app root dir:" />
            <option value="the|Example: enable HTTPS on Load Balancer can be setup in the" />
            <option value="the|You can create your own rules with the" />
            <option value="does|All modern software development platforms including JIRA, Trello, Basecamp, etc. doesn't fully integrate git repositories, and also cannot bootstrap projects from configuration files, our platform means Project as a Code, and will have this." />
            <option value="went|is something went wrong" />
            <option value="Item|Item is evicted because the memory is full, and it's not recently used (LRU)" />
            <option value="CustomersContext" />
            <option value="vcs vcs" />
            <option value="Availability|All Inventory Availability." />
            <option value=";|GCP cloud hosting via Compute Engine; Java, Spring, BigQuery, Google Cloud Storage" />
            <option value="is|Data Streams is made of" />
            <option value="Blog posts Blog posts" />
            <option value="Lock -|Write Lock - if no threads are reading or writing, only one thread can acquire the Write lock." />
            <option value="Credentials|user ui Toggle Active Credentials Profile ui api Toggle Active Credentials Profile api configs Set active Profile api ui Profile Switch Status @enduml" />
            <option value="tts tts" />
            <option value="Tetherow|Parse Daily Tetherow JSON dataLayer for the next 90 days" />
            <option value=",|The search and server are designed in a declarative, object-oriented way Master branch is read-only; integration happens only after code review No monolithic repositories All system deployments happen automatically, we are not managing scripts as main Engine for Data searching and processing as Server Abstraction as Client Abstraction as reusable Terraform infrastructure" />
            <option value="database Database" />
            <option value="Store lose|EC2 Instance Store lose their storage if they are stopped ()" />
            <option value="microservices|OOP components, which try to reduce the complexity of microservices architecture." />
            <option value="Permissions is" />
            <option value="Express|Mentored junior developers.GCP Instances UML Terraform Java Spring BigQuery Google Cloud StorageUSKO TMS Integration, customer: USKO Express(USA), 07/22--01/23 CDC Integration with Oracle NetSuite via Celigo in real time." />
            <option value="put, they|Simply put, they are not slaves kept in the dark." />
            <option value="cloud Cloud" />
            <option value="BYN|Income 1= 8032Save, 1313 BY1000 BYN Sav300 BYN~100 BYN face cleanin~35 BYN haircu~40 BYN metro pasIncome 2= 440 BY440 BYN Sav3$/y 1Passwor" />
            <option value="Throughput|Amazon Elastic Block Storage -&gt; General Purpose SSD, IOPS SSD, Throughput Optimized HDD, Cold HDD" />
            <option value="CustomersProvider" />
            <option value="@startuml title Sending Email with Upgrade Link actor User as user participant &quot;Upsell UI&quot; as ui participant &quot;Upsell Engine&quot; as upsell participant &quot;Email Server&quot; as email database Links as links participant OHIP as ohip participant &quot;Landing Page&quot; as landing actor &quot;Target Customer&quot; as target|@startuml title Sending Email with Upgrade Link actor User as user participant &quot;Upsell UI&quot; as ui participant &quot;Upsell Engine&quot; as upsell participant &quot;Email Server&quot; as email database Links as links participant OHIP as ohip participant &quot;Landing Page&quot; as landing actor &quot;Target Customer&quot; as target" />
            <option value="disciplines,|I've summarized all the RUP phases into the following disciplines, the developer realms:" />
            <option value="JUnit extension" />
            <option value="Solutions|Denis Avramenko - Solutions Architect, Reviewer of the Typehead.io." />
            <option value="reservations|The User makes a request to Upsell Engine, Upsell Engine returns a response to the User, containing reservations count, availability count, customer emails and CSV file with names and emails." />
            <option value="went|is something went wrong." />
            <option value="REST|The Application can be integrated using REST." />
            <option value="Prepared Get|Prepared Get request to OHIP." />
            <option value="sort off" />
            <option value="One Bedroom Suite" />
            <option value="of|Otherwise, your students will be overwhelmed of disconnected in their mind facts." />
            <option value="@startuml title Fetch Room Type with Image URL actor User as user participant &quot;Upsell UI&quot; as ui participant &quot;Upsell Engine&quot; as upsell participant &quot;Email Server&quot; as email database Links as links participant OHIP as ohip participant &quot;Landing Page&quot; as landing actor &quot;Target Customer&quot; as target|@startuml title Fetch Room Type with Image URL actor User as user participant &quot;Upsell UI&quot; as ui participant &quot;Upsell Engine&quot; as upsell participant &quot;Email Server&quot; as email database Links as links participant OHIP as ohip participant &quot;Landing Page&quot; as landing actor &quot;Target Customer&quot; as target" />
            <option value="HTTP|SNS can send messages directly to emails, mobile notifications, HTTP(S) endpoints or other AWS services: , , ." />
            <option value="UsersModule" />
            <option value="Github" />
            <option value="не так потому что Scalar используется внутри SDD не как генератор данных (чем Supplier является), а как некий организм, которому нужно сказать в каком виде мы хотим получить результат." />
            <option value="to automatically failover to" />
            <option value="BYN|Income 1= 8032Save, 1313 BY1000 BYN Sav300 BYN~100 BYN face cleanin~35 BYN haircu~40 BYN metro pas~120 BYN eating ouIncome 2= 440 BY440 BYN Sav3$/y 1Passwor" />
            <option value="PerformersController" />
            <option value="cli&quot;,|Additional CLI can be installed, called &quot;EB cli&quot;, which makes working with Beanstalk from the CLI easier." />
            <option value="IP_ADDRESS:|: the X-Ray Daemon IP_ADDRESS:PORT" />
            <option value="Throttle'.|Each invocation over the concurrency limit will trigger a 'Throttle'." />
            <option value="Created|GCP cloud hosting via GCE/GCS/Cloud SQL/BigQuery, Java, Spring Boot, PostgreSQL, Terraform, UML USKO TMS Integration, (USA), 07/22--11/23 CDC Integration with Oracle NetSuite via Celigo in real time." />
            <option value="|Objective &amp; AchievePTO to Poland Practice UML Distilled Open Source Blog posts Blog posts" />
            <option value="etc," />
            <option value="NotificationsComponent" />
            <option value="Needs|Project XProduct StatementStakeholders and Needs" />
            <option value="|database Database as Foo5" />
            <option value="structured'.|Hive uses SQL-like syntax, called HiveQL, which describes mappings for unstructured data to make it 'structured'." />
            <option value="in app|If you want to test a new release locally, run (assuming you are in app root dir, and have running Docker):" />
            <option value="office&quot;,|I'm not talking about some mantra like &quot;be right guy in the office&quot;, I'm talking about skills like diagramming, presenting, and other skills that help us in our work." />
            <option value="are the project|They know how to boost their salary, what project expects from them, what are the project risks, and so." />
            <option value="Books Book" />
            <option value="including , ,|\Large \nospell{Aliaks\'ei Bial\'iauski}/ / Some Recent ProjectsOpen Source 10/22--present EO-CQRS, (EU) Created software packages and libraries for clean microservices development, including , , , ." />
            <option value="on-disk hash map|Also, on-disk hash map doesn't perform well, since it requires random access to the IO." />
            <option value="code..|Rework this code.." />
            <option value="|Technical Books Book &amp; Start &amp; End Object Thinking &amp; &amp; Java Concurrency in Practice &amp; &amp; Working Effectively With Legacy Code &amp; &amp; Code Complete &amp; &amp; Life Milestones Objective &amp; Achieved Find a Mentor &amp; Join Big Project &amp; Apply to EU &amp; Camping Mentorship &amp; 10,500 BYN at 01.06 &amp; 2100 at 01.06 &amp;" />
            <option value="Credentials|user ui Toggle Active Credentials Profile ui api Set active Profile @enduml" />
            <option value="tracehub.git" />
            <option value="Tetherow|Parse Tetherow JSON dataLayer" />
            <option value="write|Write Through helps to improve the write side." />
            <option value="10GB, the|Max size is 10GB, the directory remains when the execution context is frozen, providing transient cache that can be for multiple invocations and checkpoints." />
            <option value="Prepared Get|Prepared Get request to OHIP" />
            <option value="few pricing broshures" />
            <option value="documentation.GCP|Created and maintained project management documentation.GCP Instances UML Terraform Java Spring BigQuery Google Cloud Storage" />
            <option value="|\Large \nospell{Goods I'm using}Groceries:Good &amp; Price, Tech: Good &amp; Price, Soap Stuff: Good &amp; Price, Head Shoulders &amp; Bulgari Aqua &amp; Tom Ford Tobacco Vanille &amp; 250€" />
            <option value="metastore'.|Glue can be integrated with Hive: Glue Data Catalog can serve as a Hive 'metastore'." />
            <option value="quote Define|{% quote Define results of manipulations with objects as other objects %}" />
            <option value="X- Debugging|Without X- Debugging distributed services is quite hard." />
            <option value="Created|Mentored junior developers.GCP GCE Java Spring Boot BigQuery Google Cloud Storage Terraform UMLUSKO TMS Integration, (USA), 07/22--01/23 CDC Integration with Oracle NetSuite via Celigo in real time." />
            <option value="an|To encrypt an un-encrypted" />
            <option value="Slave" />
            <option value="Project|UC3 where User (a user) can create Project (a project) using Web UI:" />
            <option value="BYN|\Large \nospell{2023, Budget Planning}Income 1: I1 = 800 320 Save, ~1313 BYN 1000 BYN Save ~325 BYN: ~130 BYN gym (pre-save) ~160 BYN instructor ~35 BYN haircut ~40 BYN metro pass ~120 BYN eating out" />
            <option value="Takes|Takes at least a month to establish" />
            <option value="Juniper Preserve|Parse Daily Juniper Preserve JSON dataLayer for next 90 days" />
            <option value="and active|Also, I am and active contributor of a feprojects." />
            <option value="returns boolean|returns boolean: rules are satisfied or not." />
            <option value="tracehub ,|To serve pages user interface for tracehub , we need simple, clean, and effective backend." />
            <option value="Collects|Secure, production-ready AWS-supported distribution of the open-source project OpenTelemetry." />
            <option value="Savings|Scales sport, on-demand, and instances in a Savings Plan within the same cluster." />
            <option value="simple" />
            <option value="lovers, of course|And there is no JSON for JSON lovers, of course!" />
            <option value="IdsTest" />
            <option value="stack|Most tech stack I work with:" />
            <option value="including ,,|\Large \nospell{Aliaks\'ei Bial\'iauski}/ / Work ExperienceOpen Source 10/22--present EO-CQRS Created small, reusable software packages and libraries driven by OOAD for clean microservices development, including ,, , ." />
            <option value="need|Using horizontal scaling, we need load balancing between them" />
            <option value="yes&quot;,|Most developers will say &quot;yes&quot;, no matter how bad is reflection." />
            <option value="Oracle Hospitality system|OHIP: Oracle Hospitality Integration Platform that provides REST APIs for Oracle Hospitality system." />
            <option value="debugging distributed services is|Without X-Ray debugging distributed services is quite hard." />
            <option value="certificates|All my certificates place}." />
            <option value="office&quot;,|I'm not talking about some mantra like &quot;be right guy in the office&quot;, I'm talking about" />
            <option value="including , ,|EO-CQRS, (EU) Created software packages and libraries for clean microservices development, including , , , ." />
            <option value="is|One request per second is the reservoir, while five percent of additional requests is a" />
            <option value="Warehouse|In Northview Data Warehouse we are following these conventions and principles:" />
            <option value="TBD..|Artifact has: TBD.." />
            <option value="Blog posts Blog posts|Objective &amp; AchievePoland Practice UML Distilled Open Source Blog posts Blog posts" />
            <option value="|@startuml actor TelegramUser as user participant Bot as bot participant Hub as hub participant Notifications as notifications participant GitHub as github" />
            <option value="GSI -|LSI - Local Secondary Index GSI - Global Secondary Index" />
            <option value="@startuml title Opening Upgrade Link actor User as user participant &quot;Upsell UI&quot; as ui participant &quot;Upsell Engine&quot; as upsell participant &quot;Email Server&quot; as email database Links as links participant OHIP as ohip participant &quot;Landing Page&quot; as landing actor &quot;Target Customer&quot; as target|@startuml title Opening Upgrade Link actor User as user participant &quot;Upsell UI&quot; as ui participant &quot;Upsell Engine&quot; as upsell participant &quot;Email Server&quot; as email database Links as links participant OHIP as ohip participant &quot;Landing Page&quot; as landing actor &quot;Target Customer&quot; as target" />
            <option value="Insights|Insights Events can be sent to S3" />
            <option value="|Driven by and ." />
            <option value="coДанная" />
            <option value="|Objective &amp; AchievePoland Practice UML Distilled Open Source Blog posts Blog posts" />
            <option value="review.AWS" />
            <option value="including ,|\Large \nospell{Aliaks\'ei Bial\'iauski}/ / Work ExperienceOpen Source 10/22--present EO-CQRS Created small, reusable software packages and libraries driven by OOAD for clean microservices development, including , cmig, xfake, eokson." />
            <option value="Kinesis, .|Shard splitting: used to increase throughput, used to divide 'hot' shard, cost will also be increased, no autoscaling in Kinesis, ." />
            <option value="million|The first million objects stored and accesses are free for the Glue Data Catalog." />
            <option value="work|Update: Since July 2022 I'm work as Integration/Java Developer at Solvd." />
            <option value="is|Primary terms is a way to distinguish between old and new primary shards." />
            <option value=", .|\Large \nospell{Aliaks\'ei Bial\'iauski}/ / Work ExperienceOpen Source 10/22--present EO-CQRS, (EU) Created small, reusable software packages and libraries for clean microservices development, including ,, , ." />
            <option value="being&quot;.|User is &quot;a human being&quot;." />
            <option value="ами" />
            <option value="Preserve|Juniper Preserve Day-By-Day Rates" />
            <option value="checksNodeIsPresent" />
            <option value="2|We can use CloudFormation to upload Lambda function in 2 ways:" />
            <option value="ценностмиссивиденипочтInternet" />
            <option value="the|One request per second is the" />
            <option value=".." />
            <option value="separate|: by default data events are not logged, example: S3 object-level activity (ex: , , ): can separate Read and Write events." />
            <option value="|\Large \nospell{Goods I'm using}Groceries:Good &amp; Price, ~ Soap Stuff: Good &amp; Price, ~" />
            <option value="engine, that|We are lacking engine, that has capability of search APIs for opportunities to upsell customers based on inventory availability." />
            <option value="user user" />
            <option value="reservations|The User makes a request to Upsell Engine, Upsell Engine returns a response to the User, containing reservations count, availability count, customer info and CSV file with names and emails." />
            <option value="ArtifactsModule" />
            <option value="dumb" />
            <option value="org.releases" />
            <option value="placed .|All my certificates are placed ." />
            <option value="5xx|Use a case: , 5xx server errors." />
            <option value="placed .|All my certificates placed ." />
            <option value="rivals|Since, we want to scrape prices for Brasada, and rivals(including Juniper Preserve, Sunriver, Tetherow, Riverhouse." />
            <option value="room type|You will get a CSV file with all customers in upsell from room type, for instance:" />
            <option value="|\Large \nospell{2023, November}Todo:Objective &amp; Achieved OHIP stabilization &amp; OHIP stabilization &amp;" />
            <option value="developer|Presenting is a skill that you need to master being software developer" />
            <option value="чтобы раскрыть их полностью необходимо" />
            <option value="inter|You pay charges for inter AZ data if enabled." />
            <option value="|Objective &amp; AchievePoland Practice UML Distilled blog Posts Open Source Blog posts" />
            <option value="office&quot;,|I'm not talking about some mantra like &quot;be right guy in the office&quot;, I'm talking about skills like" />
            <option value="the|Also, you can specify the" />
            <option value="Insights|Insights Events can be sent to" />
            <option value="certificates|All my certificates placed ." />
            <option value="USA|OHIP Upsell Engine, (USA), 09/23--.Northview Data Warehouse, (USA), 02/23--." />
            <option value="Exists|Is It Exists?" />
            <option value="web|UC7 where User (a user) can invite Performer(a performer) to project on web:" />
            <option value=", .|\Large \nospell{Aliaks\'ei Bial\'iauski}/ / Work ExperienceOpen Source 10/22--present EO-CQRS Created small, reusable software packages and libraries driven by OOAD for clean microservices development, including ,, , ." />
            <option value="reservations|@startuml actor User as user participant UI as ui participant API as api database Reservations as reservations participant OHIP as ohip" />
            <option value="very simple|Inline: very simple, use Code.ZipFile property:" />
            <option value="hub hub" />
            <option value="master" />
            <option value="decorator, we|Frankly speaking, it's not a plain decorator, we are chaining a scalar by passing it." />
            <option value="|``Малые предприятия —.`` Ремесленники Агроусадьбы" />
            <option value="Credentials|Credentials file will be automatically fetched from" />
            <option value="|The search and server are designed in a declarative, object-oriented way Master branch is read-only; integration happens only after code review No monolithic repositories; each component has its own repo with the assigned architect." />
            <option value="login|First things first, you need to be able to login:" />
            <option value="Simply put|They know how they will suffer if a task is not completed or deadline missed." />
            <option value="h1alexbel" />
            <option value="Tetherow|Parse Tetherow JSON dataLayer for 90 days" />
            <option value="наличие" />
            <option value="a.k.a" />
            <option value="Partition key|Item key consists of: Partition key (Hash key)." />
            <option value="is to login" />
          </set>
        </option>
      </SuppressingContext>
    </option>
  </component>
</application>