<application>
  <component name="GeneralSettings">
    <option name="showTipsOnStartup" value="false" />
    <option name="confirmExit" value="false" />
    <option name="confirmOpenNewProject2" value="0" />
  </component>
  <component name="Registry">
    <entry key="ide.experimental.ui" value="true" />
    <entry key="ide.firstStartup" value="false" />
    <entry key="editor.minimap.enabled" value="true" />
    <entry key="scala.erase.compiler.process.jdk.once" value="false" />
    <entry key="debugger.new.tool.window.layout" value="true" />
  </component>
  <component name="StatusBar">
    <option name="widgets">
      <map>
        <entry key="LineSeparator" value="false" />
        <entry key="Notifications" value="false" />
        <entry key="ReadOnlyAttribute" value="false" />
        <entry key="aws.codewhisperer" value="false" />
        <entry key="git" value="true" />
      </map>
    </option>
  </component>
</application>