<application>
  <component name="LafManager">
    <laf themeId="Darcula" />
    <preferred-light-laf themeId="ExperimentalLightWithLightHeader" />
    <lafs-to-previous-schemes>
      <laf-to-scheme laf="Darcula" scheme="be2" />
      <laf-to-scheme laf="ExperimentalDark" scheme="be2" />
      <laf-to-scheme laf="ExperimentalLight" scheme="_@user_Dark" />
      <laf-to-scheme laf="ExperimentalLightWithLightHeader" scheme="be2" />
      <laf-to-scheme laf="adf99807-aee9-4514-b512-5f0e429f30da" scheme="_@user_Default" />
    </lafs-to-previous-schemes>
  </component>
</application>