<application>
  <component name="MarkdownApplicationSettings">
    <MarkdownCssSettings StylesheetUri="jar:file:/Users/yegor/apps/IntelliJ%20IDEA.app/Contents/plugins/markdown/lib/markdown.jar!/org/intellij/plugins/markdown/settings/darcula.css">
      <option name="fontSize" value="20" />
    </MarkdownCssSettings>
  </component>
  <component name="MarkdownExtensionsSettings">
    <enabledExtensions>
      <entry key="PlantUMLLanguageExtension" value="true" />
    </enabledExtensions>
  </component>
</application>