<application>
  <component name="NodeJsLocalInterpreterManager">
    <local-interpreter path="$APPLICATION_CONFIG_DIR$/node/node-v18.15.0-darwin-x64/bin/node">
      <version-cache version="18.15.0" last-modified="1684336455813" />
    </local-interpreter>
    <local-interpreter path="/usr/local/bin/node" />
    <local-interpreter path="/usr/local/Cellar/node/19.8.1/bin/node" />
    <local-interpreter path="/usr/local/Cellar/node/18.9.0/bin/node">
      <version-cache last-modified="0" />
    </local-interpreter>
    <local-interpreter path="/opt/homebrew/bin/node" excluded="true" />
  </component>
</application>