<application>
  <component name="NotificationConfiguration">
    <notification groupId="Android Module Importing" />
    <notification groupId="Android Property Files Updating" />
    <notification groupId="Clean artifact" />
    <notification groupId="Common Version Control Messages" displayType="TOOL_WINDOW" />
    <notification groupId="Compiler" displayType="NONE" />
    <notification groupId="Debugger messages" displayType="TOOL_WINDOW" shouldLog="false" />
    <notification groupId="Execution" displayType="NONE" />
    <notification groupId="External Executable Critical Failures" displayType="STICKY_BALLOON" />
    <notification groupId="Framework Detection" />
    <notification groupId="Git Important Messages" displayType="STICKY_BALLOON" />
    <notification groupId="Git Messages" displayType="TOOL_WINDOW" />
    <notification groupId="Git Minor Notifications" />
    <notification groupId="Grape" />
    <notification groupId="Groovy DSL errors" />
    <notification groupId="HotSwap" displayType="TOOL_WINDOW" />
    <notification groupId="IDE Usage Statistics" displayType="STICKY_BALLOON" shouldLog="false" />
    <notification groupId="Maven" />
    <notification groupId="Maven Import" displayType="STICKY_BALLOON" />
    <notification groupId="Plugins Lifecycle Group" displayType="STICKY_BALLOON" />
    <notification groupId="Test Runner" displayType="NONE" />
    <notification groupId="Update Checker" displayType="STICKY_BALLOON" />
    <notification groupId="Vcs Important Messages" displayType="STICKY_BALLOON" />
    <notification groupId="Vcs Minor Notifications" />
  </component>
</application>