<application>
  <component name="CachedDictionaryState">
    <words>
      <w>.shellflags</w>
      <w>aaaa</w>
      <w>aaaaa</w>
      <w>aaaaaa</w>
      <w>aaaaaaaaa</w>
      <w>aaaaadddbbbb</w>
      <w>aaaabbbb</w>
      <w>abialiauski</w>
      <w>absimplearchitect</w>
      <w>acam</w>
      <w>accss</w>
      <w>acks</w>
      <w>acmart</w>
      <w>actuals</w>
      <w>addif</w>
      <w>alexbel</w>
      <w>aliaksei</w>
      <w>allright</w>
      <w>amazonaws</w>
      <w>apilb</w>
      <w>appkey</w>
      <w>applb</w>
      <w>applys</w>
      <w>approver</w>
      <w>appspot</w>
      <w>arango</w>
      <w>argsort</w>
      <w>astatus</w>
      <w>asvs</w>
      <w>avbialiauski</w>
      <w>avlblt</w>
      <w>avramenko</w>
      <w>bbbb</w>
      <w>bcbe</w>
      <w>beaconed</w>
      <w>beacongrand</w>
      <w>bexpected</w>
      <w>bialiauski</w>
      <w>bibcop</w>
      <w>binpack</w>
      <w>bitcask</w>
      <w>bkng</w>
      <w>blabla</w>
      <w>brasada</w>
      <w>breadbread</w>
      <w>brkr</w>
      <w>broen</w>
      <w>brokerconnect</w>
      <w>bseu</w>
      <w>bugayenko</w>
      <w>bullist</w>
      <w>cactoos</w>
      <w>cactooses</w>
      <w>cccc</w>
      <w>ccode</w>
      <w>cdit</w>
      <w>celigo</w>
      <w>chatbot</w>
      <w>chck</w>
      <w>checkmake</w>
      <w>chks</w>
      <w>chts</w>
      <w>ckha</w>
      <w>ckhv</w>
      <w>clms</w>
      <w>clnt</w>
      <w>cloudsdk</w>
      <w>cloudwatcher</w>
      <w>clstr</w>
      <w>clzz</w>
      <w>cmig</w>
      <w>cmnt</w>
      <w>cmps</w>
      <w>cnsmr</w>
      <w>cntr</w>
      <w>cnts</w>
      <w>codereview</w>
      <w>coinpayments</w>
      <w>collesium</w>
      <w>commun</w>
      <w>comparation</w>
      <w>confluentinc</w>
      <w>contexted</w>
      <w>coveredratio</w>
      <w>cqqa</w>
      <w>cqqhv</w>
      <w>crds</w>
      <w>creds</w>
      <w>crnt</w>
      <w>csndra</w>
      <w>cssndr</w>
      <w>cstmrs</w>
      <w>ctors</w>
      <w>daaa</w>
      <w>dataized</w>
      <w>dataprice</w>
      <w>dawidd</w>
      <w>dclrtn</w>
      <w>dcnt</w>
      <w>dcntr</w>
      <w>ddia</w>
      <w>debuging</w>
      <w>declaratively</w>
      <w>deepinfra</w>
      <w>deregistration</w>
      <w>dexpected</w>
      <w>dinput</w>
      <w>djarmode</w>
      <w>dnew</w>
      <w>doesn</w>
      <w>doesnotexists</w>
      <w>dohip</w>
      <w>domained</w>
      <w>dpdp</w>
      <w>dqdl</w>
      <w>dscr</w>
      <w>dskip</w>
      <w>dsmsm</w>
      <w>dsource</w>
      <w>dstream</w>
      <w>dstyle</w>
      <w>dtsrc</w>
      <w>dtst</w>
      <w>dtsts</w>
      <w>duplicatefinder</w>
      <w>dvcm</w>
      <w>ectx</w>
      <w>elasti</w>
      <w>elasticache</w>
      <w>elegantobjects</w>
      <w>emrfs</w>
      <w>endfor</w>
      <w>engn</w>
      <w>enot</w>
      <w>eocop</w>
      <w>eocqrs</w>
      <w>eokson</w>
      <w>eolang</w>
      <w>ermakovich</w>
      <w>esec</w>
      <w>esize</w>
      <w>evals</w>
      <w>eventbridge</w>
      <w>exprs</w>
      <w>exst</w>
      <w>ffcode</w>
      <w>fibo</w>
      <w>fltr</w>
      <w>forbrydelsen</w>
      <w>freeedcom</w>
      <w>frndl</w>
      <w>frst</w>
      <w>ftcd</w>
      <w>ftexpected</w>
      <w>gavinbunney</w>
      <w>gbksv</w>
      <w>gblr</w>
      <w>gemspec</w>
      <w>geneve</w>
      <w>ghact</w>
      <w>ghcr</w>
      <w>ghquota</w>
      <w>gitattributes</w>
      <w>githubtoken</w>
      <w>githubusercontent</w>
      <w>goetz</w>
      <w>goog</w>
      <w>gthb</w>
      <w>gwlb</w>
      <w>hackernews</w>
      <w>haonan</w>
      <w>hashi</w>
      <w>hetzner</w>
      <w>hexpected</w>
      <w>hialexbel</w>
      <w>hizmailovich</w>
      <w>holowinski</w>
      <w>hostpath</w>
      <w>hotelid</w>
      <w>hstnm</w>
      <w>hublead</w>
      <w>icitez</w>
      <w>idps</w>
      <w>ignr</w>
      <w>imds</w>
      <w>immu</w>
      <w>indv</w>
      <w>infod</w>
      <w>informated</w>
      <w>inpt</w>
      <w>insync</w>
      <w>intj</w>
      <w>inux</w>
      <w>iops</w>
      <w>iqdwrkfocorpbvwo</w>
      <w>ituser</w>
      <w>ivanchuck</w>
      <w>ivanchuk</w>
      <w>izmailovich</w>
      <w>jayqi</w>
      <w>jemail</w>
      <w>jnode</w>
      <w>jocument</w>
      <w>jpeek</w>
      <w>json's</w>
      <w>jsont</w>
      <w>jsui</w>
      <w>jtcop</w>
      <w>kafdrop</w>
      <w>kassa</w>
      <w>kebabcase</w>
      <w>keyaaaaaaa</w>
      <w>keyname</w>
      <w>keyspaces</w>
      <w>kleppmann</w>
      <w>kspc</w>
      <w>kstreams</w>
      <w>langs</w>
      <w>lanza</w>
      <w>latexmk</w>
      <w>lctn</w>
      <w>letsrally</w>
      <w>lexpected</w>
      <w>logits</w>
      <w>lombrozo</w>
      <w>lstnr</w>
      <w>mahon</w>
      <w>mahonmedia</w>
      <w>mahonmediallc</w>
      <w>masteremail</w>
      <w>maxonfjvipon</w>
      <w>meamil</w>
      <w>memtable</w>
      <w>mgine</w>
      <w>microtechnique</w>
      <w>mins</w>
      <w>missedcount</w>
      <w>mnemo</w>
      <w>mocci</w>
      <w>mppr</w>
      <w>mstr</w>
      <w>mtdt</w>
      <w>myprivate</w>
      <w>namer</w>
      <w>ndescription</w>
      <w>netbout</w>
      <w>nexpected</w>
      <w>ngcc</w>
      <w>noarray</w>
      <w>noauth</w>
      <w>nodeps</w>
      <w>noperformers</w>
      <w>northview</w>
      <w>notexists</w>
      <w>noti</w>
      <w>npmrc</w>
      <w>numberize</w>
      <w>numlist</w>
      <w>nvhg</w>
      <w>nvps</w>
      <w>objectionaries</w>
      <w>objectionary</w>
      <w>obsidiandynamics</w>
      <w>ocup</w>
      <w>oexpected</w>
      <w>offst</w>
      <w>ohip</w>
      <w>ohipsb</w>
      <w>ohipup</w>
      <w>okson</w>
      <w>ontap</w>
      <w>oopcop</w>
      <w>oppa</w>
      <w>orgn</w>
      <w>ossrh</w>
      <w>otas</w>
      <w>pache</w>
      <w>padvp</w>
      <w>paketobuildpacks</w>
      <w>paylod</w>
      <w>pctx</w>
      <w>pgdata</w>
      <w>pgit</w>
      <w>pgmount</w>
      <w>phind</w>
      <w>pinentry</w>
      <w>pinvoker</w>
      <w>piops</w>
      <w>pjacoco</w>
      <w>pkge</w>
      <w>pmbok</w>
      <w>pojos</w>
      <w>postgre</w>
      <w>pqulice</w>
      <w>pradel</w>
      <w>prdcr</w>
      <w>preauth</w>
      <w>preemptible</w>
      <w>preferredhotelids</w>
      <w>prelease</w>
      <w>presigned</w>
      <w>prgm</w>
      <w>pricy</w>
      <w>prms</w>
      <w>projectlombok</w>
      <w>prtn</w>
      <w>prts</w>
      <w>prvdr</w>
      <w>psandbox</w>
      <w>psimulation</w>
      <w>psui</w>
      <w>pubring</w>
      <w>puml</w>
      <w>pythonpath</w>
      <w>qian</w>
      <w>querty</w>
      <w>querydatasets</w>
      <w>qulice</w>
      <w>rackb</w>
      <w>rackbb</w>
      <w>ratedx</w>
      <w>raycast</w>
      <w>rbar</w>
      <w>rclass</w>
      <w>rcql</w>
      <w>rdql</w>
      <w>readm</w>
      <w>rebalance</w>
      <w>redrive</w>
      <w>refl</w>
      <w>resourceserver</w>
      <w>reusability</w>
      <w>rexpected</w>
      <w>rfirst</w>
      <w>rfmt</w>
      <w>rfrsh</w>
      <w>rgpromo</w>
      <w>riverhouse</w>
      <w>rlst</w>
      <w>rqst</w>
      <w>rsize</w>
      <w>rslt</w>
      <w>rsrvtn</w>
      <w>rsrvtns</w>
      <w>rsvts</w>
      <w>rubo</w>
      <w>rulezzz</w>
      <w>rulter</w>
      <w>rultor</w>
      <w>sasso</w>
      <w>satisficing</w>
      <w>sclr</w>
      <w>scnd</w>
      <w>scrt</w>
      <w>secring</w>
      <w>sengine</w>
      <w>sensetive</w>
      <w>serverdb</w>
      <w>sexpected</w>
      <w>sfirst</w>
      <w>shas</w>
      <w>shts</w>
      <w>shutdowned</w>
      <w>sitesearch</w>
      <w>smithers</w>
      <w>sndgrd</w>
      <w>solvd</w>
      <w>somebodyelse</w>
      <w>somethingelse</w>
      <w>spacelift</w>
      <w>spprs</w>
      <w>starchat</w>
      <w>sticked</w>
      <w>stlib</w>
      <w>stochasticity</w>
      <w>strimzi</w>
      <w>strm</w>
      <w>strngs</w>
      <w>stromae</w>
      <w>strs</w>
      <w>strt</w>
      <w>sttmnt</w>
      <w>sublinks</w>
      <w>subnet's</w>
      <w>successed</w>
      <w>sunriver</w>
      <w>suppport</w>
      <w>suppressions</w>
      <w>synxis</w>
      <w>teatimeguest</w>
      <w>tect</w>
      <w>telebot</w>
      <w>temurin</w>
      <w>testapp</w>
      <w>testk</w>
      <w>testki</w>
      <w>tetherow</w>
      <w>texpected</w>
      <w>textbf</w>
      <w>textblock</w>
      <w>textified</w>
      <w>textify</w>
      <w>tfplan</w>
      <w>tfstate</w>
      <w>tful</w>
      <w>thanasis</w>
      <w>thesubtitle</w>
      <w>tiering</w>
      <w>timeweb</w>
      <w>tinfra</w>
      <w>tkns</w>
      <w>tmplt</w>
      <w>tmstmp</w>
      <w>tname</w>
      <w>todays</w>
      <w>tpcs</w>
      <w>tracebot</w>
      <w>tracehub</w>
      <w>tracehubgit</w>
      <w>tracehubpm</w>
      <w>tracehubtoken</w>
      <w>transhumanism</w>
      <w>tream</w>
      <w>trgt</w>
      <w>troles</w>
      <w>tsha</w>
      <w>tsvg</w>
      <w>ttest</w>
      <w>ttttttttttidddd</w>
      <w>twofish</w>
      <w>txts</w>
      <w>unexisted</w>
      <w>uplastname</w>
      <w>urled</w>
      <w>usrate</w>
      <w>usrnm</w>
      <w>usrs</w>
      <w>vanille</w>
      <w>vformatted</w>
      <w>vndr</w>
      <w>volodya</w>
      <w>vsheets</w>
      <w>vsui</w>
      <w>vtag</w>
      <w>vtpm</w>
      <w>wakeups</w>
      <w>wdyt</w>
      <w>webcr</w>
      <w>webrick</w>
      <w>wewl</w>
      <w>whoami</w>
      <w>xcop</w>
      <w>xdaily</w>
      <w>xdsd</w>
      <w>xembler</w>
      <w>xembly</w>
      <w>xfake</w>
      <w>xmir</w>
      <w>xpack</w>
      <w>xpth</w>
      <w>xslqual</w>
      <w>xsls</w>
      <w>yanich</w>
      <w>yegor</w>
      <w>yegor's</w>
      <w>yizhuo</w>
      <w>yubi</w>
      <w>zappier</w>
      <w>zebrunner</w>
      <w>zhai</w>
      <w>zhiyun</w>
      <w>zoeself</w>
      <w>агроусадьбы</w>
      <w>комичу</w>
      <w>наукоёмкости</w>
      <w>пайплайн</w>
      <w>патернитет</w>
      <w>переиспользования</w>
      <w>ремиксы</w>
      <w>сдека</w>
      <w>скоупах</w>
      <w>скоупе</w>
    </words>
  </component>
</application>