<application>
  <component name="UpdatesConfigurable">
    <ignoredBuildNumbers>
      <item value="135.1230" />
      <item value="135.1289" />
      <item value="139.659" />
      <item value="143.1184" />
      <item value="163.11103.3" />
      <item value="163.15529.5" />
    </ignoredBuildNumbers>
    <option name="LAST_BUILD_CHECKED" value="IU-233.14808.21" />
    <option name="LAST_TIME_CHECKED" value="1710664056682" />
    <option name="OBSOLETE_CUSTOM_REPOSITORIES_CLEAN_NEEDED" value="false" />
    <option name="THIRD_PARTY_PLUGINS_ALLOWED" value="true" />
    <option name="UPDATE_CHANNEL_TYPE" value="milestone" />
    <option name="WHATS_NEW_SHOWN_FOR" value="233" />
  </component>
</application>