<profile version="1.0">
  <option name="myName" value="Default" />
  <inspection_tool class="AbsoluteAlignmentInUserInterface" enabled="true" level="WARNING" enabled_by_default="true" />
  <inspection_tool class="AbstractClassExtendsConcreteClass" enabled="true" level="WARNING" enabled_by_default="true" />
  <inspection_tool class="AbstractClassNeverImplemented" enabled="true" level="WARNING" enabled_by_default="true" />
  <inspection_tool class="AbstractClassWithOnlyOneDirectInheritor" enabled="true" level="WARNING" enabled_by_default="true" />
  <inspection_tool class="AbstractClassWithoutAbstractMethods" enabled="true" level="WARNING" enabled_by_default="true" />
  <inspection_tool class="AbstractMethodCallInConstructor" enabled="true" level="WARNING" enabled_by_default="true" />
  <inspection_tool class="AbstractMethodOverridesAbstractMethod" enabled="true" level="WARNING" enabled_by_default="true" />
  <inspection_tool class="AbstractMethodOverridesConcreteMethod" enabled="true" level="WARNING" enabled_by_default="true" />
  <inspection_tool class="AbstractMethodWithMissingImplementations" enabled="true" level="WARNING" enabled_by_default="true" />
  <inspection_tool class="AccessToNonThreadSafeStaticFieldFromInstance" enabled="true" level="WARNING" enabled_by_default="true">
    <option name="nonThreadSafeClasses">
      <value />
    </option>
    <option name="nonThreadSafeTypes" value="" />
  </inspection_tool>
  <inspection_tool class="AccessToStaticFieldLockedOnInstance" enabled="true" level="WARNING" enabled_by_default="true" />
  <inspection_tool class="AmbiguousFieldAccess" enabled="true" level="WARNING" enabled_by_default="true" />
  <inspection_tool class="AmbiguousMethodCall" enabled="true" level="WARNING" enabled_by_default="true" />
  <inspection_tool class="AndroidLintBackButton" enabled="true" level="WARNING" enabled_by_default="true" />
  <inspection_tool class="AndroidLintIconExpectedSize" enabled="true" level="WARNING" enabled_by_default="true" />
  <inspection_tool class="AndroidLintTypographyQuotes" enabled="true" level="WARNING" enabled_by_default="true" />
  <inspection_tool class="AndroidLintUnusedIds" enabled="true" level="WARNING" enabled_by_default="true" />
  <inspection_tool class="AnnotationNamingConvention" enabled="true" level="WARNING" enabled_by_default="true">
    <option name="m_regex" value="[A-Z][A-Za-z\d]*" />
    <option name="m_minLength" value="4" />
    <option name="m_maxLength" value="64" />
  </inspection_tool>
  <inspection_tool class="AnonymousClassComplexity" enabled="true" level="WARNING" enabled_by_default="true">
    <option name="m_limit" value="3" />
  </inspection_tool>
  <inspection_tool class="AnonymousClassMethodCount" enabled="true" level="WARNING" enabled_by_default="true">
    <option name="m_limit" value="5" />
  </inspection_tool>
  <inspection_tool class="AnonymousClassVariableHidesContainingMethodVariable" enabled="true" level="WARNING" enabled_by_default="true" />
  <inspection_tool class="ArchaicSystemPropertyAccess" enabled="true" level="WARNING" enabled_by_default="true" />
  <inspection_tool class="ArrayEquality" enabled="true" level="WARNING" enabled_by_default="true" />
  <inspection_tool class="AssertAsName" enabled="true" level="WARNING" enabled_by_default="true" />
  <inspection_tool class="AssertEqualsCalledOnArray" enabled="true" level="WARNING" enabled_by_default="true" />
  <inspection_tool class="AssertEqualsMayBeAssertSame" enabled="true" level="WARNING" enabled_by_default="true" />
  <inspection_tool class="AssertsWithoutMessages" enabled="true" level="WARNING" enabled_by_default="true" />
  <inspection_tool class="AssertsWithoutMessagesTestNG" enabled="true" level="WARNING" enabled_by_default="true" />
  <inspection_tool class="AssignmentOrReturnOfFieldWithMutableType" enabled="true" level="WARNING" enabled_by_default="true" />
  <inspection_tool class="AssignmentToCollectionFieldFromParameter" enabled="true" level="WARNING" enabled_by_default="true">
    <option name="ignorePrivateMethods" value="true" />
  </inspection_tool>
  <inspection_tool class="AssignmentToDateFieldFromParameter" enabled="true" level="WARNING" enabled_by_default="true">
    <option name="ignorePrivateMethods" value="true" />
  </inspection_tool>
  <inspection_tool class="AssignmentToForLoopParameter" enabled="true" level="WARNING" enabled_by_default="true">
    <option name="m_checkForeachParameters" value="false" />
  </inspection_tool>
  <inspection_tool class="AssignmentToMethodParameter" enabled="true" level="WARNING" enabled_by_default="true">
    <option name="ignoreTransformationOfOriginalParameter" value="false" />
  </inspection_tool>
  <inspection_tool class="AssignmentToNull" enabled="true" level="WARNING" enabled_by_default="true" />
  <inspection_tool class="AssignmentToStaticFieldFromInstanceMethod" enabled="true" level="WARNING" enabled_by_default="true" />
  <inspection_tool class="AwaitNotInLoop" enabled="true" level="WARNING" enabled_by_default="true" />
  <inspection_tool class="AwaitWithoutCorrespondingSignal" enabled="true" level="WARNING" enabled_by_default="true" />
  <inspection_tool class="BadExceptionCaught" enabled="true" level="WARNING" enabled_by_default="true">
    <option name="exceptionsString" value="" />
    <option name="exceptions">
      <value />
    </option>
  </inspection_tool>
  <inspection_tool class="BadExceptionDeclared" enabled="true" level="WARNING" enabled_by_default="true">
    <option name="exceptionsString" value="" />
    <option name="exceptions">
      <value />
    </option>
    <option name="ignoreTestCases" value="true" />
    <option name="ignoreLibraryOverrides" value="true" />
  </inspection_tool>
  <inspection_tool class="BadExceptionThrown" enabled="true" level="WARNING" enabled_by_default="true">
    <option name="exceptionsString" value="" />
    <option name="exceptions">
      <value>
        <item value="java.lang.Throwable" />
        <item value="java.lang.Error" />
        <item value="java.lang.RuntimeException" />
        <item value="java.lang.NullPointerException" />
        <item value="java.lang.ClassCastException" />
        <item value="java.lang.ArrayIndexOutOfBoundsException" />
      </value>
    </option>
  </inspection_tool>
  <inspection_tool class="BadOddness" enabled="true" level="WARNING" enabled_by_default="true" />
  <inspection_tool class="BigDecimalEquals" enabled="true" level="WARNING" enabled_by_default="true" />
  <inspection_tool class="BreakStatementWithLabel" enabled="true" level="WARNING" enabled_by_default="true" />
  <inspection_tool class="CallToNativeMethodWhileLocked" enabled="true" level="WARNING" enabled_by_default="true" />
  <inspection_tool class="CallToSimpleGetterInClass" enabled="true" level="WARNING" enabled_by_default="true">
    <option name="ignoreGetterCallsOnOtherObjects" value="false" />
    <option name="onlyReportPrivateGetter" value="false" />
  </inspection_tool>
  <inspection_tool class="CallToSimpleSetterInClass" enabled="true" level="WARNING" enabled_by_default="true">
    <option name="ignoreSetterCallsOnOtherObjects" value="false" />
    <option name="onlyReportPrivateSetter" value="false" />
  </inspection_tool>
  <inspection_tool class="CallToStringConcatCanBeReplacedByOperator" enabled="true" level="WARNING" enabled_by_default="true" />
  <inspection_tool class="CastConflictsWithInstanceof" enabled="true" level="WARNING" enabled_by_default="true" />
  <inspection_tool class="CastThatLosesPrecision" enabled="true" level="WARNING" enabled_by_default="true">
    <option name="ignoreIntegerCharCasts" value="false" />
    <option name="ignoreOverflowingByteCasts" value="false" />
  </inspection_tool>
  <inspection_tool class="CastToConcreteClass" enabled="true" level="WARNING" enabled_by_default="true" />
  <inspection_tool class="CastToIncompatibleInterface" enabled="true" level="WARNING" enabled_by_default="true" />
  <inspection_tool class="CatchMayIgnoreException" enabled="true" level="WARNING" enabled_by_default="true">
    <option name="m_ignoreCatchBlocksWithComments" value="false" />
  </inspection_tool>
  <inspection_tool class="ChainedEquality" enabled="true" level="WARNING" enabled_by_default="true" />
  <inspection_tool class="ChannelResource" enabled="true" level="WARNING" enabled_by_default="true">
    <option name="insideTryAllowed" value="false" />
  </inspection_tool>
  <inspection_tool class="CharUsedInArithmeticContext" enabled="true" level="WARNING" enabled_by_default="true" />
  <inspection_tool class="CheckForOutOfMemoryOnLargeArrayAllocation" enabled="true" level="WARNING" enabled_by_default="true">
    <option name="m_limit" value="64" />
  </inspection_tool>
  <inspection_tool class="ClashingGetters" enabled="true" level="WARNING" enabled_by_default="true" />
  <inspection_tool class="ClassComplexity" enabled="true" level="WARNING" enabled_by_default="true">
    <option name="m_limit" value="80" />
  </inspection_tool>
  <inspection_tool class="ClassCoupling" enabled="true" level="WARNING" enabled_by_default="true">
    <option name="m_includeJavaClasses" value="false" />
    <option name="m_includeLibraryClasses" value="false" />
    <option name="m_limit" value="30" />
  </inspection_tool>
  <inspection_tool class="ClassInTopLevelPackage" enabled="true" level="WARNING" enabled_by_default="true" />
  <inspection_tool class="ClassIndependentOfModule" enabled="true" level="WARNING" enabled_by_default="true" />
  <inspection_tool class="ClassInheritanceDepth" enabled="true" level="WARNING" enabled_by_default="true">
    <option name="m_limit" value="5" />
  </inspection_tool>
  <inspection_tool class="ClassInitializer" enabled="true" level="WARNING" enabled_by_default="true" />
  <inspection_tool class="ClassLoaderInstantiation" enabled="true" level="WARNING" enabled_by_default="true" />
  <inspection_tool class="ClassMayBeInterface" enabled="true" level="WARNING" enabled_by_default="true" />
  <inspection_tool class="ClassNameDiffersFromFileName" enabled="true" level="WARNING" enabled_by_default="true" />
  <inspection_tool class="ClassNameSameAsAncestorName" enabled="true" level="WARNING" enabled_by_default="true" />
  <inspection_tool class="ClassNamingConvention" enabled="true" level="WARNING" enabled_by_default="true">
    <option name="m_regex" value="[A-Z][A-Za-z\d]*" />
    <option name="m_minLength" value="3" />
    <option name="m_maxLength" value="64" />
  </inspection_tool>
  <inspection_tool class="ClassNestingDepth" enabled="true" level="WARNING" enabled_by_default="true">
    <option name="m_limit" value="3" />
  </inspection_tool>
  <inspection_tool class="ClassNewInstance" enabled="true" level="WARNING" enabled_by_default="true" />
  <inspection_tool class="ClassOnlyUsedInOneModule" enabled="true" level="WARNING" enabled_by_default="true" />
  <inspection_tool class="ClassOnlyUsedInOnePackage" enabled="true" level="WARNING" enabled_by_default="true" />
  <inspection_tool class="ClassReferencesSubclass" enabled="true" level="WARNING" enabled_by_default="true" />
  <inspection_tool class="ClassUnconnectedToPackage" enabled="true" level="WARNING" enabled_by_default="true" />
  <inspection_tool class="ClassWithMultipleLoggers" enabled="true" level="WARNING" enabled_by_default="true">
    <option name="loggerNamesString" value="java.util.logging.Logger,org.slf4j.Logger,org.apache.commons.logging.Log,org.apache.log4j.Logger" />
  </inspection_tool>
  <inspection_tool class="ClassWithTooManyDependencies" enabled="true" level="WARNING" enabled_by_default="true">
    <option name="limit" value="10" />
  </inspection_tool>
  <inspection_tool class="ClassWithTooManyDependents" enabled="true" level="WARNING" enabled_by_default="true">
    <option name="limit" value="10" />
  </inspection_tool>
  <inspection_tool class="ClassWithTooManyTransitiveDependencies" enabled="true" level="WARNING" enabled_by_default="true">
    <option name="limit" value="35" />
  </inspection_tool>
  <inspection_tool class="ClassWithTooManyTransitiveDependents" enabled="true" level="WARNING" enabled_by_default="true">
    <option name="limit" value="35" />
  </inspection_tool>
  <inspection_tool class="CloneCallsConstructors" enabled="true" level="WARNING" enabled_by_default="true" />
  <inspection_tool class="CloneInNonCloneableClass" enabled="true" level="WARNING" enabled_by_default="true" />
  <inspection_tool class="CloneableClassInSecureContext" enabled="true" level="WARNING" enabled_by_default="true" />
  <inspection_tool class="CloneableImplementsClone" enabled="true" level="WARNING" enabled_by_default="true">
    <option name="m_ignoreCloneableDueToInheritance" value="false" />
  </inspection_tool>
  <inspection_tool class="CollectionContainsUrl" enabled="true" level="WARNING" enabled_by_default="true" />
  <inspection_tool class="CollectionsFieldAccessReplaceableByMethodCall" enabled="true" level="WARNING" enabled_by_default="true" />
  <inspection_tool class="CollectionsMustHaveInitialCapacity" enabled="true" level="WARNING" enabled_by_default="true" />
  <inspection_tool class="ComparableImplementedButEqualsNotOverridden" enabled="true" level="WARNING" enabled_by_default="true" />
  <inspection_tool class="ComparatorMethodParameterNotUsed" enabled="false" level="WARNING" enabled_by_default="false" />
  <inspection_tool class="ComparatorNotSerializable" enabled="true" level="WARNING" enabled_by_default="true" />
  <inspection_tool class="CompareToUsesNonFinalVariable" enabled="true" level="WARNING" enabled_by_default="true" />
  <inspection_tool class="ComparisonOfShortAndChar" enabled="true" level="WARNING" enabled_by_default="true" />
  <inspection_tool class="ConditionSignal" enabled="true" level="WARNING" enabled_by_default="true" />
  <inspection_tool class="ConditionalExpression" enabled="true" level="WARNING" enabled_by_default="true" />
  <inspection_tool class="ConfusingElse" enabled="true" level="WARNING" enabled_by_default="true">
    <option name="reportWhenNoStatementFollow" value="false" />
  </inspection_tool>
  <inspection_tool class="ConfusingFloatingPointLiteral" enabled="true" level="WARNING" enabled_by_default="true" />
  <inspection_tool class="ConfusingMainMethod" enabled="true" level="WARNING" enabled_by_default="true" />
  <inspection_tool class="ConfusingOctalEscape" enabled="true" level="WARNING" enabled_by_default="true" />
  <inspection_tool class="ConnectionResource" enabled="true" level="WARNING" enabled_by_default="true" />
  <inspection_tool class="ConstantAssertCondition" enabled="true" level="WARNING" enabled_by_default="true" />
  <inspection_tool class="ConstantDeclaredInAbstractClass" enabled="true" level="WARNING" enabled_by_default="true" />
  <inspection_tool class="ConstantJUnitAssertArgument" enabled="true" level="WARNING" enabled_by_default="true" />
  <inspection_tool class="ConstantMathCall" enabled="true" level="WARNING" enabled_by_default="true" />
  <inspection_tool class="ConstantNamingConvention" enabled="true" level="WARNING" enabled_by_default="true">
    <option name="onlyCheckImmutables" value="false" />
    <option name="m_regex" value="[A-Z][A-Z_\d]*" />
    <option name="m_minLength" value="3" />
    <option name="m_maxLength" value="32" />
  </inspection_tool>
  <inspection_tool class="ConstantValueVariableUse" enabled="true" level="WARNING" enabled_by_default="true" />
  <inspection_tool class="ContinueStatementWithLabel" enabled="true" level="WARNING" enabled_by_default="true" />
  <inspection_tool class="ControlFlowStatementWithoutBraces" enabled="true" level="WARNING" enabled_by_default="true" />
  <inspection_tool class="ConvertAnnotations" enabled="true" level="WARNING" enabled_by_default="true" />
  <inspection_tool class="ConvertJavadoc" enabled="true" level="WARNING" enabled_by_default="true" />
  <inspection_tool class="ConvertOldAnnotations" enabled="true" level="WARNING" enabled_by_default="true" />
  <inspection_tool class="CovariantCompareTo" enabled="true" level="WARNING" enabled_by_default="true" />
  <inspection_tool class="CovariantEquals" enabled="true" level="WARNING" enabled_by_default="true" />
  <inspection_tool class="CustomClassloader" enabled="true" level="WARNING" enabled_by_default="true" />
  <inspection_tool class="CustomSecurityManager" enabled="true" level="WARNING" enabled_by_default="true" />
  <inspection_tool class="CyclicClassDependency" enabled="true" level="WARNING" enabled_by_default="true" />
  <inspection_tool class="CyclicPackageDependency" enabled="true" level="WARNING" enabled_by_default="true" />
  <inspection_tool class="CyclomaticComplexity" enabled="true" level="WARNING" enabled_by_default="true">
    <option name="m_limit" value="10" />
  </inspection_tool>
  <inspection_tool class="DateToString" enabled="true" level="WARNING" enabled_by_default="true" />
  <inspection_tool class="DeclareCollectionAsInterface" enabled="true" level="WARNING" enabled_by_default="true">
    <option name="ignoreLocalVariables" value="false" />
    <option name="ignorePrivateMethodsAndFields" value="false" />
  </inspection_tool>
  <inspection_tool class="DefaultNotLastCaseInSwitch" enabled="true" level="WARNING" enabled_by_default="true" />
  <inspection_tool class="DesignForExtension" enabled="true" level="WARNING" enabled_by_default="true" />
  <inspection_tool class="DisjointPackage" enabled="true" level="WARNING" enabled_by_default="true" />
  <inspection_tool class="DollarSignInName" enabled="true" level="WARNING" enabled_by_default="true" />
  <inspection_tool class="DoubleLiteralMayBeFloatLiteral" enabled="true" level="WARNING" enabled_by_default="true" />
  <inspection_tool class="DriverManagerGetConnection" enabled="true" level="WARNING" enabled_by_default="true" />
  <inspection_tool class="DuplicateBooleanBranch" enabled="true" level="WARNING" enabled_by_default="true" />
  <inspection_tool class="DuplicatePropertyInspection" enabled="true" level="WARNING" enabled_by_default="true" />
  <inspection_tool class="DynamicRegexReplaceableByCompiledPattern" enabled="true" level="WARNING" enabled_by_default="true" />
  <inspection_tool class="ElementOnlyUsedFromTestCode" enabled="true" level="WARNING" enabled_by_default="true" />
  <inspection_tool class="EmptyClass" enabled="true" level="WARNING" enabled_by_default="true">
    <option name="ignorableAnnotations">
      <value>
        <item value="com.jcabi.aspects.Immutable" />
      </value>
    </option>
    <option name="ignoreClassWithParameterization" value="false" />
    <option name="ignoreThrowables" value="true" />
    <option name="commentsAreContent" value="true" />
  </inspection_tool>
  <inspection_tool class="EmptyDirectory" enabled="true" level="WARNING" enabled_by_default="true" />
  <inspection_tool class="EnumAsName" enabled="true" level="WARNING" enabled_by_default="true" />
  <inspection_tool class="EnumSwitchStatementWhichMissesCases" enabled="true" level="WARNING" enabled_by_default="true">
    <option name="ignoreSwitchStatementsWithDefault" value="false" />
  </inspection_tool>
  <inspection_tool class="EnumeratedClassNamingConvention" enabled="true" level="WARNING" enabled_by_default="true">
    <option name="m_regex" value="[A-Z][A-Za-z\d]*" />
    <option name="m_minLength" value="3" />
    <option name="m_maxLength" value="64" />
  </inspection_tool>
  <inspection_tool class="EnumeratedConstantNamingConvention" enabled="true" level="WARNING" enabled_by_default="true">
    <option name="m_regex" value="[A-Z][A-Z_\d]*" />
    <option name="m_minLength" value="3" />
    <option name="m_maxLength" value="32" />
  </inspection_tool>
  <inspection_tool class="EnumerationCanBeIteration" enabled="true" level="WARNING" enabled_by_default="true" />
  <inspection_tool class="EqualsAndHashcode" enabled="true" level="WARNING" enabled_by_default="true" />
  <inspection_tool class="EqualsCalledOnEnumConstant" enabled="true" level="WARNING" enabled_by_default="true" />
  <inspection_tool class="EqualsHashCodeCalledOnUrl" enabled="true" level="WARNING" enabled_by_default="true" />
  <inspection_tool class="EqualsUsesNonFinalVariable" enabled="true" level="WARNING" enabled_by_default="true" />
  <inspection_tool class="ErrorRethrown" enabled="true" level="WARNING" enabled_by_default="true" />
  <inspection_tool class="ExceptionFromCatchWhichDoesntWrap" enabled="true" level="WARNING" enabled_by_default="true">
    <option name="ignoreGetMessage" value="false" />
    <option name="ignoreCantWrap" value="false" />
  </inspection_tool>
  <inspection_tool class="ExceptionNameDoesntEndWithException" enabled="true" level="WARNING" enabled_by_default="true" />
  <inspection_tool class="ExpectedExceptionNeverThrown" enabled="true" level="WARNING" enabled_by_default="true" />
  <inspection_tool class="ExpectedExceptionNeverThrownTestNG" enabled="true" level="WARNING" enabled_by_default="true" />
  <inspection_tool class="ExtendsConcreteCollection" enabled="true" level="WARNING" enabled_by_default="true" />
  <inspection_tool class="ExtendsThread" enabled="true" level="WARNING" enabled_by_default="true" />
  <inspection_tool class="ExtendsUtilityClass" enabled="true" level="WARNING" enabled_by_default="true" />
  <inspection_tool class="ExternalizableWithSerializationMethods" enabled="true" level="WARNING" enabled_by_default="true" />
  <inspection_tool class="FallthruInSwitchStatement" enabled="true" level="WARNING" enabled_by_default="true" />
  <inspection_tool class="FeatureEnvy" enabled="false" level="WARNING" enabled_by_default="false">
    <option name="ignoreTestCases" value="true" />
  </inspection_tool>
  <inspection_tool class="FieldAccessNotGuarded" enabled="true" level="WARNING" enabled_by_default="true" />
  <inspection_tool class="FieldAccessedSynchronizedAndUnsynchronized" enabled="true" level="WARNING" enabled_by_default="true">
    <option name="countGettersAndSetters" value="false" />
  </inspection_tool>
  <inspection_tool class="FieldCount" enabled="true" level="WARNING" enabled_by_default="true">
    <option name="m_countConstantFields" value="false" />
    <option name="m_considerStaticFinalFieldsConstant" value="false" />
    <option name="myCountEnumConstants" value="false" />
    <option name="m_limit" value="10" />
  </inspection_tool>
  <inspection_tool class="FieldHidesSuperclassField" enabled="true" level="WARNING" enabled_by_default="true">
    <option name="m_ignoreInvisibleFields" value="true" />
  </inspection_tool>
  <inspection_tool class="FieldMayBeStatic" enabled="true" level="WARNING" enabled_by_default="true" />
  <inspection_tool class="FieldNamingConvention" enabled="true" level="WARNING" enabled_by_default="true">
    <extension name="ConstantNamingConvention" enabled="true">
      <option name="m_regex" value="[A-Z][A-Z_\d]*" />
      <option name="m_minLength" value="2" />
      <option name="m_maxLength" value="32" />
    </extension>
    <extension name="ConstantWithMutableFieldTypeNamingConvention" enabled="true">
      <option name="m_regex" value="[A-Z][A-Z_\d]*" />
      <option name="m_minLength" value="3" />
      <option name="m_maxLength" value="32" />
    </extension>
    <extension name="EnumeratedConstantNamingConvention" enabled="true">
      <option name="m_regex" value="[A-Z][A-Z_\d]*" />
      <option name="m_minLength" value="3" />
      <option name="m_maxLength" value="32" />
    </extension>
    <extension name="InstanceVariableNamingConvention" enabled="true">
      <option name="m_regex" value="[a-z]+" />
      <option name="m_minLength" value="2" />
      <option name="m_maxLength" value="32" />
    </extension>
    <extension name="StaticVariableNamingConvention" enabled="true">
      <option name="m_regex" value="[a-z]+" />
      <option name="m_minLength" value="3" />
      <option name="m_maxLength" value="32" />
    </extension>
  </inspection_tool>
  <inspection_tool class="FieldRepeatedlyAccessed" enabled="false" level="WARNING" enabled_by_default="false">
    <option name="m_ignoreFinalFields" value="true" />
  </inspection_tool>
  <inspection_tool class="Finalize" enabled="true" level="WARNING" enabled_by_default="true">
    <option name="ignoreTrivialFinalizers" value="true" />
  </inspection_tool>
  <inspection_tool class="FloatingPointEquality" enabled="true" level="WARNING" enabled_by_default="true" />
  <inspection_tool class="ForLoopReplaceableByWhile" enabled="true" level="WARNING" enabled_by_default="true">
    <option name="m_ignoreLoopsWithoutConditions" value="false" />
  </inspection_tool>
  <inspection_tool class="ForLoopThatDoesntUseLoopVariable" enabled="true" level="WARNING" enabled_by_default="true" />
  <inspection_tool class="ForLoopWithMissingComponent" enabled="true" level="WARNING" enabled_by_default="true">
    <option name="ignoreCollectionLoops" value="false" />
  </inspection_tool>
  <inspection_tool class="GrFieldAlreadyDefined" enabled="true" level="WARNING" enabled_by_default="true" />
  <inspection_tool class="GroovyAnnotationNamingConvention" enabled="true" level="WARNING" enabled_by_default="true">
    <option name="m_regex" value="[A-Z][A-Za-z\d]*" />
    <option name="m_minLength" value="3" />
    <option name="m_maxLength" value="64" />
  </inspection_tool>
  <inspection_tool class="GroovyAssignmentCanBeOperatorAssignment" enabled="true" level="WARNING" enabled_by_default="true">
    <option name="ignoreLazyOperators" value="true" />
    <option name="ignoreObscureOperators" value="false" />
  </inspection_tool>
  <inspection_tool class="GroovyAssignmentToForLoopParameter" enabled="true" level="WARNING" enabled_by_default="true" />
  <inspection_tool class="GroovyAssignmentToMethodParameter" enabled="true" level="WARNING" enabled_by_default="true" />
  <inspection_tool class="GroovyBreak" enabled="true" level="WARNING" enabled_by_default="true" />
  <inspection_tool class="GroovyBusyWait" enabled="true" level="WARNING" enabled_by_default="true" />
  <inspection_tool class="GroovyClassNamingConvention" enabled="true" level="WARNING" enabled_by_default="true">
    <option name="m_regex" value="[A-Z][A-Za-z\d]*" />
    <option name="m_minLength" value="3" />
    <option name="m_maxLength" value="64" />
  </inspection_tool>
  <inspection_tool class="GroovyConditionalCanBeConditionalCall" enabled="true" level="WARNING" enabled_by_default="true" />
  <inspection_tool class="GroovyConditionalCanBeElvis" enabled="true" level="WARNING" enabled_by_default="true" />
  <inspection_tool class="GroovyConstantNamingConvention" enabled="true" level="WARNING" enabled_by_default="true">
    <option name="m_regex" value="[A-Z\d]*" />
    <option name="m_minLength" value="4" />
    <option name="m_maxLength" value="32" />
  </inspection_tool>
  <inspection_tool class="GroovyContinue" enabled="true" level="WARNING" enabled_by_default="true" />
  <inspection_tool class="GroovyContinueOrBreakFromFinallyBlock" enabled="true" level="WARNING" enabled_by_default="true" />
  <inspection_tool class="GroovyDoubleCheckedLocking" enabled="true" level="WARNING" enabled_by_default="true">
    <option name="ignoreOnVolatileVariables" value="false" />
  </inspection_tool>
  <inspection_tool class="GroovyEmptyCatchBlock" enabled="true" level="WARNING" enabled_by_default="true" />
  <inspection_tool class="GroovyEmptyFinallyBlock" enabled="true" level="WARNING" enabled_by_default="true" />
  <inspection_tool class="GroovyEmptySyncBlock" enabled="true" level="WARNING" enabled_by_default="true" />
  <inspection_tool class="GroovyEmptyTryBlock" enabled="true" level="WARNING" enabled_by_default="true" />
  <inspection_tool class="GroovyEnumerationNamingConvention" enabled="true" level="WARNING" enabled_by_default="true">
    <option name="m_regex" value="[A-Z][A-Za-z\d]*" />
    <option name="m_minLength" value="3" />
    <option name="m_maxLength" value="64" />
  </inspection_tool>
  <inspection_tool class="GroovyGetterCallCanBePropertyAccess" enabled="true" level="WARNING" enabled_by_default="true" />
  <inspection_tool class="GroovyIfStatementWithTooManyBranches" enabled="true" level="WARNING" enabled_by_default="true">
    <option name="m_limit" value="3" />
  </inspection_tool>
  <inspection_tool class="GroovyInstanceMethodNamingConvention" enabled="true" level="WARNING" enabled_by_default="true">
    <option name="m_regex" value="[a-z][A-Za-z\d]*" />
    <option name="m_minLength" value="3" />
    <option name="m_maxLength" value="64" />
  </inspection_tool>
  <inspection_tool class="GroovyInstanceVariableNamingConvention" enabled="true" level="WARNING" enabled_by_default="true">
    <option name="m_regex" value="[a-z][A-Za-z\d]*" />
    <option name="m_minLength" value="1" />
    <option name="m_maxLength" value="32" />
  </inspection_tool>
  <inspection_tool class="GroovyInterfaceNamingConvention" enabled="true" level="WARNING" enabled_by_default="true">
    <option name="m_regex" value="[A-Z][A-Za-z\d]*" />
    <option name="m_minLength" value="3" />
    <option name="m_maxLength" value="64" />
  </inspection_tool>
  <inspection_tool class="GroovyListGetCanBeKeyedAccess" enabled="true" level="WARNING" enabled_by_default="true" />
  <inspection_tool class="GroovyListSetCanBeKeyedAccess" enabled="true" level="WARNING" enabled_by_default="true" />
  <inspection_tool class="GroovyLocalVariableNamingConvention" enabled="true" level="WARNING" enabled_by_default="true">
    <option name="m_regex" value="[a-z][A-Za-z\d]*" />
    <option name="m_minLength" value="3" />
    <option name="m_maxLength" value="32" />
  </inspection_tool>
  <inspection_tool class="GroovyLoopStatementThatDoesntLoop" enabled="true" level="WARNING" enabled_by_default="true" />
  <inspection_tool class="GroovyMapGetCanBeKeyedAccess" enabled="true" level="WARNING" enabled_by_default="true" />
  <inspection_tool class="GroovyMapPutCanBeKeyedAccess" enabled="true" level="WARNING" enabled_by_default="true" />
  <inspection_tool class="GroovyMethodWithMoreThanThreeNegations" enabled="true" level="WARNING" enabled_by_default="true" />
  <inspection_tool class="GroovyMultipleReturnPointsPerMethod" enabled="true" level="WARNING" enabled_by_default="true">
    <option name="m_limit" value="1" />
  </inspection_tool>
  <inspection_tool class="GroovyNegatedConditional" enabled="true" level="WARNING" enabled_by_default="true" />
  <inspection_tool class="GroovyNegatedIf" enabled="true" level="WARNING" enabled_by_default="true" />
  <inspection_tool class="GroovyNestedAssignment" enabled="true" level="WARNING" enabled_by_default="true" />
  <inspection_tool class="GroovyNestedConditional" enabled="true" level="WARNING" enabled_by_default="true" />
  <inspection_tool class="GroovyNestedSwitch" enabled="true" level="WARNING" enabled_by_default="true" />
  <inspection_tool class="GroovyNestedSynchronizedStatement" enabled="true" level="WARNING" enabled_by_default="true" />
  <inspection_tool class="GroovyNonShortCircuitBoolean" enabled="true" level="WARNING" enabled_by_default="true" />
  <inspection_tool class="GroovyNotifyWhileNotSynchronized" enabled="true" level="WARNING" enabled_by_default="true" />
  <inspection_tool class="GroovyOctalInteger" enabled="true" level="WARNING" enabled_by_default="true" />
  <inspection_tool class="GroovyOverlyComplexArithmeticExpression" enabled="true" level="WARNING" enabled_by_default="true">
    <option name="m_limit" value="3" />
  </inspection_tool>
  <inspection_tool class="GroovyOverlyComplexBooleanExpression" enabled="true" level="WARNING" enabled_by_default="true">
    <option name="m_limit" value="3" />
  </inspection_tool>
  <inspection_tool class="GroovyOverlyComplexMethod" enabled="true" level="WARNING" enabled_by_default="true">
    <option name="m_limit" value="10" />
  </inspection_tool>
  <inspection_tool class="GroovyOverlyLongMethod" enabled="true" level="WARNING" enabled_by_default="true">
    <option name="m_limit" value="30" />
  </inspection_tool>
  <inspection_tool class="GroovyOverlyNestedMethod" enabled="true" level="WARNING" enabled_by_default="true">
    <option name="m_limit" value="5" />
  </inspection_tool>
  <inspection_tool class="GroovyParameterNamingConvention" enabled="true" level="WARNING" enabled_by_default="true">
    <option name="m_regex" value="[a-z][A-Za-z\d]*" />
    <option name="m_minLength" value="3" />
    <option name="m_maxLength" value="32" />
  </inspection_tool>
  <inspection_tool class="GroovyPointlessArithmetic" enabled="true" level="WARNING" enabled_by_default="true" />
  <inspection_tool class="GroovyPublicFieldAccessedInSynchronizedContext" enabled="true" level="WARNING" enabled_by_default="true" />
  <inspection_tool class="GroovyRangeTypeCheck" enabled="true" level="WARNING" enabled_by_default="true" />
  <inspection_tool class="GroovyResultOfAssignmentUsed" enabled="true" level="WARNING" enabled_by_default="true" />
  <inspection_tool class="GroovyResultOfIncrementOrDecrementUsed" enabled="true" level="WARNING" enabled_by_default="true" />
  <inspection_tool class="GroovyReturnFromClosureCanBeImplicit" enabled="true" level="WARNING" enabled_by_default="true" />
  <inspection_tool class="GroovyReturnFromFinallyBlock" enabled="true" level="WARNING" enabled_by_default="true" />
  <inspection_tool class="GroovySetterCallCanBePropertyAccess" enabled="true" level="WARNING" enabled_by_default="true" />
  <inspection_tool class="GroovyStaticMethodNamingConvention" enabled="true" level="WARNING" enabled_by_default="true">
    <option name="m_regex" value="[a-z][A-Za-z\d]*" />
    <option name="m_minLength" value="3" />
    <option name="m_maxLength" value="32" />
  </inspection_tool>
  <inspection_tool class="GroovyStaticVariableNamingConvention" enabled="true" level="WARNING" enabled_by_default="true">
    <option name="m_regex" value="[A-Z\d]*" />
    <option name="m_minLength" value="3" />
    <option name="m_maxLength" value="32" />
  </inspection_tool>
  <inspection_tool class="GroovySwitchStatementWithNoDefault" enabled="true" level="WARNING" enabled_by_default="true" />
  <inspection_tool class="GroovySynchronizationOnThis" enabled="true" level="WARNING" enabled_by_default="true" />
  <inspection_tool class="GroovySynchronizedMethod" enabled="true" level="WARNING" enabled_by_default="true" />
  <inspection_tool class="GroovySystemRunFinalizersOnExit" enabled="true" level="WARNING" enabled_by_default="true" />
  <inspection_tool class="GroovyThreadStopSuspendResume" enabled="true" level="WARNING" enabled_by_default="true" />
  <inspection_tool class="GroovyThrowFromFinallyBlock" enabled="true" level="WARNING" enabled_by_default="true" />
  <inspection_tool class="GroovyUnconditionalWait" enabled="true" level="WARNING" enabled_by_default="true" />
  <inspection_tool class="GroovyUntypedAccess" enabled="true" level="WARNING" enabled_by_default="true" />
  <inspection_tool class="GroovyWaitCallNotInLoop" enabled="true" level="WARNING" enabled_by_default="true" />
  <inspection_tool class="GroovyWaitWhileNotSynchronized" enabled="true" level="WARNING" enabled_by_default="true" />
  <inspection_tool class="GroovyWhileLoopSpinsOnField" enabled="true" level="WARNING" enabled_by_default="true">
    <option name="ignoreNonEmtpyLoops" value="false" />
  </inspection_tool>
  <inspection_tool class="HashCodeUsesNonFinalVariable" enabled="true" level="WARNING" enabled_by_default="true" />
  <inspection_tool class="HibernateResource" enabled="true" level="WARNING" enabled_by_default="true">
    <option name="insideTryAllowed" value="false" />
  </inspection_tool>
  <inspection_tool class="HtmlTagCanBeJavadocTag" enabled="true" level="WARNING" enabled_by_default="true" />
  <inspection_tool class="IOResource" enabled="true" level="WARNING" enabled_by_default="true">
    <option name="ignoredTypesString" value="java.io.ByteArrayOutputStream,java.io.ByteArrayInputStream,java.io.StringBufferInputStream,java.io.CharArrayWriter,java.io.CharArrayReader,java.io.StringWriter,java.io.StringReader" />
    <option name="insideTryAllowed" value="false" />
  </inspection_tool>
  <inspection_tool class="IfStatementWithIdenticalBranches" enabled="true" level="WARNING" enabled_by_default="true" />
  <inspection_tool class="IfStatementWithTooManyBranches" enabled="true" level="WARNING" enabled_by_default="true">
    <option name="m_limit" value="3" />
  </inspection_tool>
  <inspection_tool class="IgnoredJUnitTest" enabled="true" level="WARNING" enabled_by_default="true" />
  <inspection_tool class="ImplicitCallToSuper" enabled="true" level="WARNING" enabled_by_default="true">
    <option name="m_ignoreForObjectSubclasses" value="true" />
  </inspection_tool>
  <inspection_tool class="ImplicitNumericConversion" enabled="true" level="WARNING" enabled_by_default="true">
    <option name="ignoreWideningConversions" value="false" />
    <option name="ignoreCharConversions" value="true" />
    <option name="ignoreConstantConversions" value="false" />
  </inspection_tool>
  <inspection_tool class="InconsistentLanguageLevel" enabled="true" level="WARNING" enabled_by_default="true" />
  <inspection_tool class="InconsistentLineSeparators" enabled="true" level="WARNING" enabled_by_default="true" />
  <inspection_tool class="IncrementDecrementUsedAsExpression" enabled="true" level="WARNING" enabled_by_default="true" />
  <inspection_tool class="InnerClassVariableHidesOuterClassVariable" enabled="true" level="WARNING" enabled_by_default="true">
    <option name="m_ignoreInvisibleFields" value="true" />
  </inspection_tool>
  <inspection_tool class="InstanceGuardedByStatic" enabled="true" level="WARNING" enabled_by_default="true" />
  <inspection_tool class="InstanceMethodNamingConvention" enabled="true" level="WARNING" enabled_by_default="true">
    <option name="m_regex" value="[a-z][A-Za-z\d]*" />
    <option name="m_minLength" value="3" />
    <option name="m_maxLength" value="64" />
  </inspection_tool>
  <inspection_tool class="InstanceVariableInitialization" enabled="true" level="WARNING" enabled_by_default="true">
    <option name="m_ignorePrimitives" value="false" />
  </inspection_tool>
  <inspection_tool class="InstanceVariableNamingConvention" enabled="true" level="WARNING" enabled_by_default="true">
    <option name="m_regex" value="[a-z]+" />
    <option name="m_minLength" value="3" />
    <option name="m_maxLength" value="32" />
  </inspection_tool>
  <inspection_tool class="InstanceVariableOfConcreteClass" enabled="true" level="WARNING" enabled_by_default="true" />
  <inspection_tool class="InstanceVariableUninitializedUse" enabled="true" level="WARNING" enabled_by_default="true">
    <option name="m_ignorePrimitives" value="false" />
    <option name="annotationNamesString" value="" />
  </inspection_tool>
  <inspection_tool class="InstanceofCatchParameter" enabled="true" level="WARNING" enabled_by_default="true" />
  <inspection_tool class="InstanceofChain" enabled="true" level="WARNING" enabled_by_default="true">
    <option name="ignoreInstanceofOnLibraryClasses" value="false" />
  </inspection_tool>
  <inspection_tool class="InstanceofIncompatibleInterface" enabled="true" level="WARNING" enabled_by_default="true" />
  <inspection_tool class="InstanceofInterfaces" enabled="true" level="WARNING" enabled_by_default="true" />
  <inspection_tool class="InstanceofThis" enabled="true" level="WARNING" enabled_by_default="true" />
  <inspection_tool class="IntLiteralMayBeLongLiteral" enabled="true" level="WARNING" enabled_by_default="true" />
  <inspection_tool class="InterfaceNamingConvention" enabled="true" level="WARNING" enabled_by_default="true">
    <option name="m_regex" value="[A-Z][A-Za-z\d]*" />
    <option name="m_minLength" value="3" />
    <option name="m_maxLength" value="64" />
  </inspection_tool>
  <inspection_tool class="InterfaceNeverImplemented" enabled="true" level="WARNING" enabled_by_default="true">
    <option name="ignoreInterfacesThatOnlyDeclareConstants" value="false" />
  </inspection_tool>
  <inspection_tool class="IteratorNextDoesNotThrowNoSuchElementException" enabled="true" level="WARNING" enabled_by_default="true" />
  <inspection_tool class="JDBCExecuteWithNonConstantString" enabled="true" level="WARNING" enabled_by_default="true" />
  <inspection_tool class="JDBCPrepareStatementWithNonConstantString" enabled="true" level="WARNING" enabled_by_default="true" />
  <inspection_tool class="JDBCResource" enabled="true" level="WARNING" enabled_by_default="true">
    <option name="insideTryAllowed" value="false" />
  </inspection_tool>
  <inspection_tool class="JNDIResource" enabled="true" level="WARNING" enabled_by_default="true">
    <option name="insideTryAllowed" value="false" />
  </inspection_tool>
  <inspection_tool class="JSHint" enabled="true" level="ERROR" enabled_by_default="true" />
  <inspection_tool class="JSLint" enabled="true" level="ERROR" enabled_by_default="true" />
  <inspection_tool class="JUnitAbstractTestClassNamingConvention" enabled="true" level="WARNING" enabled_by_default="true">
    <option name="m_regex" value="[A-Z][A-Za-z\d]*TestCase" />
    <option name="m_minLength" value="12" />
    <option name="m_maxLength" value="64" />
  </inspection_tool>
  <inspection_tool class="JUnitTestClassNamingConvention" enabled="true" level="WARNING" enabled_by_default="true">
    <option name="m_regex" value="[A-Z][A-Za-z\d]*(Test|Prof)" />
    <option name="m_minLength" value="8" />
    <option name="m_maxLength" value="64" />
  </inspection_tool>
  <inspection_tool class="JavaDoc" enabled="true" level="WARNING" enabled_by_default="true">
    <option name="TOP_LEVEL_CLASS_OPTIONS">
      <value>
        <option name="ACCESS_JAVADOC_REQUIRED_FOR" value="none" />
        <option name="REQUIRED_TAGS" value="@author@version@since@param" />
      </value>
    </option>
    <option name="INNER_CLASS_OPTIONS">
      <value>
        <option name="ACCESS_JAVADOC_REQUIRED_FOR" value="none" />
        <option name="REQUIRED_TAGS" value="" />
      </value>
    </option>
    <option name="METHOD_OPTIONS">
      <value>
        <option name="ACCESS_JAVADOC_REQUIRED_FOR" value="none" />
        <option name="REQUIRED_TAGS" value="@return@param@throws or @exception" />
      </value>
    </option>
    <option name="FIELD_OPTIONS">
      <value>
        <option name="ACCESS_JAVADOC_REQUIRED_FOR" value="none" />
        <option name="REQUIRED_TAGS" value="" />
      </value>
    </option>
    <option name="IGNORE_DEPRECATED" value="false" />
    <option name="IGNORE_JAVADOC_PERIOD" value="true" />
    <option name="IGNORE_DUPLICATED_THROWS" value="false" />
    <option name="IGNORE_POINT_TO_ITSELF" value="false" />
    <option name="myAdditionalJavadocTags" value="checkstyle, todo" />
  </inspection_tool>
  <inspection_tool class="JavaLangImport" enabled="true" level="WARNING" enabled_by_default="true" />
  <inspection_tool class="JavaLangReflect" enabled="true" level="WARNING" enabled_by_default="true" />
  <inspection_tool class="JavaStylePropertiesInvocation" enabled="true" level="WARNING" enabled_by_default="true" />
  <inspection_tool class="JavadocDeclaration" enabled="true" level="WARNING" enabled_by_default="true">
    <option name="ADDITIONAL_TAGS" value="checkstyle, todo" />
  </inspection_tool>
  <inspection_tool class="KeySetIterationMayUseEntrySet" enabled="true" level="WARNING" enabled_by_default="true" />
  <inspection_tool class="LabeledStatement" enabled="true" level="WARNING" enabled_by_default="true" />
  <inspection_tool class="LengthOneStringInIndexOf" enabled="true" level="WARNING" enabled_by_default="true" />
  <inspection_tool class="LengthOneStringsInConcatenation" enabled="true" level="WARNING" enabled_by_default="true" />
  <inspection_tool class="LimitedScopeInnerClass" enabled="true" level="WARNING" enabled_by_default="true" />
  <inspection_tool class="ListenerMayUseAdapter" enabled="true" level="WARNING" enabled_by_default="true">
    <option name="checkForEmptyMethods" value="true" />
  </inspection_tool>
  <inspection_tool class="LiteralAsArgToStringEquals" enabled="true" level="WARNING" enabled_by_default="true" />
  <inspection_tool class="LoadLibraryWithNonConstantString" enabled="true" level="WARNING" enabled_by_default="true" />
  <inspection_tool class="LocalCanBeFinal" enabled="true" level="WARNING" enabled_by_default="true">
    <option name="REPORT_VARIABLES" value="true" />
    <option name="REPORT_PARAMETERS" value="true" />
  </inspection_tool>
  <inspection_tool class="LocalVariableHidingMemberVariable" enabled="true" level="WARNING" enabled_by_default="true">
    <option name="m_ignoreInvisibleFields" value="true" />
    <option name="m_ignoreStaticMethods" value="true" />
  </inspection_tool>
  <inspection_tool class="LocalVariableNamingConvention" enabled="true" level="WARNING" enabled_by_default="true">
    <option name="m_ignoreForLoopParameters" value="false" />
    <option name="m_ignoreCatchParameters" value="true" />
    <option name="m_regex" value="[a-z]+" />
    <option name="m_minLength" value="2" />
    <option name="m_maxLength" value="20" />
  </inspection_tool>
  <inspection_tool class="LogStatementGuardedByLogCondition" enabled="true" level="WARNING" enabled_by_default="true" />
  <inspection_tool class="LoggerInitializedWithForeignClass" enabled="true" level="WARNING" enabled_by_default="true">
    <option name="loggerClassName" value="org.apache.log4j.Logger,org.slf4j.LoggerFactory,org.apache.commons.logging.LogFactory,java.util.logging.Logger" />
    <option name="loggerFactoryMethodName" value="getLogger,getLogger,getLog,getLogger" />
  </inspection_tool>
  <inspection_tool class="LoggingConditionDisagreesWithLogStatement" enabled="true" level="WARNING" enabled_by_default="true" />
  <inspection_tool class="LoopWithImplicitTerminationCondition" enabled="true" level="WARNING" enabled_by_default="true" />
  <inspection_tool class="MapReplaceableByEnumMap" enabled="true" level="WARNING" enabled_by_default="true" />
  <inspection_tool class="MarkerInterface" enabled="true" level="WARNING" enabled_by_default="true" />
  <inspection_tool class="MethodCount" enabled="true" level="WARNING" enabled_by_default="true">
    <option name="m_limit" value="20" />
    <option name="ignoreGettersAndSetters" value="false" />
    <option name="ignoreOverridingMethods" value="false" />
  </inspection_tool>
  <inspection_tool class="MethodMayBeStatic" enabled="true" level="WARNING" enabled_by_default="true">
    <option name="m_onlyPrivateOrFinal" value="false" />
    <option name="m_ignoreEmptyMethods" value="true" />
  </inspection_tool>
  <inspection_tool class="MethodMayBeSynchronized" enabled="true" level="WARNING" enabled_by_default="true" />
  <inspection_tool class="MethodNameSameAsParentName" enabled="true" level="WARNING" enabled_by_default="true" />
  <inspection_tool class="MethodNamesDifferOnlyByCase" enabled="true" level="WARNING" enabled_by_default="true" />
  <inspection_tool class="MethodOnlyUsedFromInnerClass" enabled="true" level="WARNING" enabled_by_default="true">
    <option name="ignoreMethodsAccessedFromAnonymousClass" value="true" />
    <option name="ignoreStaticMethodsFromNonStaticInnerClass" value="false" />
    <option name="onlyReportStaticMethods" value="false" />
  </inspection_tool>
  <inspection_tool class="MethodOverloadsParentMethod" enabled="true" level="WARNING" enabled_by_default="true" />
  <inspection_tool class="MethodOverridesPackageLocalMethod" enabled="true" level="WARNING" enabled_by_default="true" />
  <inspection_tool class="MethodOverridesPrivateMethod" enabled="true" level="WARNING" enabled_by_default="true" />
  <inspection_tool class="MethodOverridesStaticMethod" enabled="true" level="WARNING" enabled_by_default="true" />
  <inspection_tool class="MethodReturnAlwaysConstant" enabled="true" level="WARNING" enabled_by_default="true" />
  <inspection_tool class="MisorderedAssertEqualsArgumentsTestNG" enabled="true" level="WARNING" enabled_by_default="true" />
  <inspection_tool class="MisorderedAssertEqualsParameters" enabled="true" level="WARNING" enabled_by_default="true" />
  <inspection_tool class="MissingDeprecatedAnnotation" enabled="true" level="WARNING" enabled_by_default="true" />
  <inspection_tool class="MissingJavadoc" enabled="true" level="WARNING" enabled_by_default="true">
    <option name="PACKAGE_SETTINGS">
      <Options>
        <option name="ENABLED" value="false" />
      </Options>
    </option>
    <option name="MODULE_SETTINGS">
      <Options>
        <option name="ENABLED" value="false" />
      </Options>
    </option>
    <option name="TOP_LEVEL_CLASS_SETTINGS">
      <Options>
        <option name="REQUIRED_TAGS" value="@author@version@since@param" />
        <option name="ENABLED" value="false" />
      </Options>
    </option>
    <option name="INNER_CLASS_SETTINGS">
      <Options>
        <option name="ENABLED" value="false" />
      </Options>
    </option>
    <option name="METHOD_SETTINGS">
      <Options>
        <option name="REQUIRED_TAGS" value="@return@param@throws or @exception" />
        <option name="ENABLED" value="false" />
      </Options>
    </option>
    <option name="FIELD_SETTINGS">
      <Options>
        <option name="ENABLED" value="false" />
      </Options>
    </option>
  </inspection_tool>
  <inspection_tool class="MissingOverrideAnnotation" enabled="true" level="WARNING" enabled_by_default="true">
    <option name="ignoreObjectMethods" value="true" />
    <option name="ignoreAnonymousClassMethods" value="false" />
  </inspection_tool>
  <inspection_tool class="MissortedModifiers" enabled="true" level="WARNING" enabled_by_default="true">
    <option name="m_requireAnnotationsFirst" value="true" />
  </inspection_tool>
  <inspection_tool class="MisspelledCompareTo" enabled="true" level="WARNING" enabled_by_default="true" />
  <inspection_tool class="MisspelledEquals" enabled="true" level="WARNING" enabled_by_default="true" />
  <inspection_tool class="MisspelledHashcode" enabled="true" level="WARNING" enabled_by_default="true" />
  <inspection_tool class="MisspelledSetUp" enabled="true" level="WARNING" enabled_by_default="true" />
  <inspection_tool class="MisspelledTearDown" enabled="true" level="WARNING" enabled_by_default="true" />
  <inspection_tool class="MisspelledToString" enabled="true" level="WARNING" enabled_by_default="true" />
  <inspection_tool class="ModuleWithTooFewClasses" enabled="true" level="WARNING" enabled_by_default="true">
    <option name="limit" value="10" />
  </inspection_tool>
  <inspection_tool class="ModuleWithTooManyClasses" enabled="true" level="WARNING" enabled_by_default="true">
    <option name="limit" value="100" />
  </inspection_tool>
  <inspection_tool class="MultipleDeclaration" enabled="true" level="WARNING" enabled_by_default="true">
    <option name="ignoreForLoopDeclarations" value="true" />
  </inspection_tool>
  <inspection_tool class="MultipleExceptionsDeclaredOnTestMethod" enabled="true" level="WARNING" enabled_by_default="true" />
  <inspection_tool class="MultipleReturnPointsPerMethod" enabled="true" level="WARNING" enabled_by_default="true">
    <option name="ignoreGuardClauses" value="false" />
    <option name="ignoreEqualsMethod" value="false" />
    <option name="m_limit" value="1" />
  </inspection_tool>
  <inspection_tool class="MultipleTopLevelClassesInFile" enabled="true" level="WARNING" enabled_by_default="true" />
  <inspection_tool class="MultipleTypedDeclaration" enabled="true" level="WARNING" enabled_by_default="true" />
  <inspection_tool class="MultipleVariablesInDeclaration" enabled="true" level="WARNING" enabled_by_default="true" />
  <inspection_tool class="MultiplyOrDivideByPowerOfTwo" enabled="true" level="WARNING" enabled_by_default="true">
    <option name="checkDivision" value="false" />
  </inspection_tool>
  <inspection_tool class="NakedNotify" enabled="true" level="WARNING" enabled_by_default="true" />
  <inspection_tool class="NativeMethods" enabled="true" level="WARNING" enabled_by_default="true" />
  <inspection_tool class="NegatedConditional" enabled="true" level="WARNING" enabled_by_default="true">
    <option name="m_ignoreNegatedNullComparison" value="true" />
  </inspection_tool>
  <inspection_tool class="NegatedEqualityExpression" enabled="true" level="WARNING" enabled_by_default="true" />
  <inspection_tool class="NegatedIfElse" enabled="true" level="WARNING" enabled_by_default="true">
    <option name="m_ignoreNegatedNullComparison" value="true" />
    <option name="m_ignoreNegatedZeroComparison" value="false" />
  </inspection_tool>
  <inspection_tool class="NestedAssignment" enabled="true" level="WARNING" enabled_by_default="true" />
  <inspection_tool class="NestedConditionalExpression" enabled="true" level="WARNING" enabled_by_default="true" />
  <inspection_tool class="NestedSwitchStatement" enabled="true" level="WARNING" enabled_by_default="true" />
  <inspection_tool class="NestedSynchronizedStatement" enabled="true" level="WARNING" enabled_by_default="true" />
  <inspection_tool class="NestedTryStatement" enabled="true" level="WARNING" enabled_by_default="true" />
  <inspection_tool class="NestingDepth" enabled="true" level="WARNING" enabled_by_default="true">
    <option name="m_limit" value="5" />
  </inspection_tool>
  <inspection_tool class="NewExceptionWithoutArguments" enabled="true" level="WARNING" enabled_by_default="true" />
  <inspection_tool class="NonCommentSourceStatements" enabled="true" level="WARNING" enabled_by_default="true">
    <option name="m_limit" value="30" />
  </inspection_tool>
  <inspection_tool class="NonExceptionNameEndsWithException" enabled="true" level="WARNING" enabled_by_default="true" />
  <inspection_tool class="NonFinalClone" enabled="true" level="WARNING" enabled_by_default="true" />
  <inspection_tool class="NonFinalFieldInImmutable" enabled="true" level="WARNING" enabled_by_default="true" />
  <inspection_tool class="NonFinalFieldOfException" enabled="true" level="WARNING" enabled_by_default="true" />
  <inspection_tool class="NonFinalGuard" enabled="true" level="WARNING" enabled_by_default="true" />
  <inspection_tool class="NonFinalStaticVariableUsedInClassInitialization" enabled="true" level="WARNING" enabled_by_default="true" />
  <inspection_tool class="NonFinalUtilityClass" enabled="true" level="WARNING" enabled_by_default="true" />
  <inspection_tool class="NonProtectedConstructorInAbstractClass" enabled="true" level="WARNING" enabled_by_default="true">
    <option name="m_ignoreNonPublicClasses" value="false" />
  </inspection_tool>
  <inspection_tool class="NonReproducibleMathCall" enabled="true" level="WARNING" enabled_by_default="true" />
  <inspection_tool class="NonSerializableFieldInSerializableClass" enabled="true" level="WARNING" enabled_by_default="true">
    <option name="ignorableAnnotations">
      <value />
    </option>
    <option name="ignoreAnonymousInnerClasses" value="false" />
    <option name="superClassString" value="" />
  </inspection_tool>
  <inspection_tool class="NonSerializableObjectBoundToHttpSession" enabled="true" level="WARNING" enabled_by_default="true" />
  <inspection_tool class="NonSerializableObjectPassedToObjectStream" enabled="true" level="WARNING" enabled_by_default="true" />
  <inspection_tool class="NonSerializableWithSerialVersionUIDField" enabled="true" level="WARNING" enabled_by_default="true" />
  <inspection_tool class="NonSerializableWithSerializationMethods" enabled="true" level="WARNING" enabled_by_default="true" />
  <inspection_tool class="NonShortCircuitBoolean" enabled="true" level="WARNING" enabled_by_default="true" />
  <inspection_tool class="NonStaticFinalLogger" enabled="true" level="WARNING" enabled_by_default="true">
    <option name="loggerClassName" value="" />
  </inspection_tool>
  <inspection_tool class="NonStaticInnerClassInSecureContext" enabled="true" level="WARNING" enabled_by_default="true" />
  <inspection_tool class="NonSynchronizedMethodOverridesSynchronizedMethod" enabled="true" level="WARNING" enabled_by_default="true" />
  <inspection_tool class="NonThreadSafeLazyInitialization" enabled="true" level="WARNING" enabled_by_default="true" />
  <inspection_tool class="NoopMethodInAbstractClass" enabled="true" level="WARNING" enabled_by_default="true" />
  <inspection_tool class="NotifyCalledOnCondition" enabled="true" level="WARNING" enabled_by_default="true" />
  <inspection_tool class="NotifyNotInSynchronizedContext" enabled="true" level="WARNING" enabled_by_default="true" />
  <inspection_tool class="NotifyWithoutCorrespondingWait" enabled="true" level="WARNING" enabled_by_default="true" />
  <inspection_tool class="NullThrown" enabled="true" level="WARNING" enabled_by_default="true" />
  <inspection_tool class="NullableProblems" enabled="false" level="WARNING" enabled_by_default="false">
    <option name="REPORT_NULLABLE_METHOD_OVERRIDES_NOTNULL" value="true" />
    <option name="REPORT_NOT_ANNOTATED_METHOD_OVERRIDES_NOTNULL" value="true" />
    <option name="REPORT_NOTNULL_PARAMETER_OVERRIDES_NULLABLE" value="true" />
    <option name="REPORT_NOT_ANNOTATED_PARAMETER_OVERRIDES_NOTNULL" value="true" />
    <option name="REPORT_NOT_ANNOTATED_GETTER" value="true" />
    <option name="REPORT_NOT_ANNOTATED_SETTER_PARAMETER" value="true" />
    <option name="REPORT_ANNOTATION_NOT_PROPAGATED_TO_OVERRIDERS" value="true" />
    <option name="REPORT_NULLS_PASSED_TO_NON_ANNOTATED_METHOD" value="true" />
  </inspection_tool>
  <inspection_tool class="NumericToString" enabled="true" level="WARNING" enabled_by_default="true" />
  <inspection_tool class="ObjectAllocationInLoop" enabled="true" level="WARNING" enabled_by_default="true" />
  <inspection_tool class="ObjectEquality" enabled="true" level="WARNING" enabled_by_default="true">
    <option name="m_ignoreEnums" value="true" />
    <option name="m_ignoreClassObjects" value="false" />
    <option name="m_ignorePrivateConstructors" value="false" />
  </inspection_tool>
  <inspection_tool class="ObjectNotify" enabled="true" level="WARNING" enabled_by_default="true" />
  <inspection_tool class="ObjectToString" enabled="true" level="WARNING" enabled_by_default="true" />
  <inspection_tool class="ObsoleteCollection" enabled="true" level="WARNING" enabled_by_default="true">
    <option name="ignoreRequiredObsoleteCollectionTypes" value="false" />
  </inspection_tool>
  <inspection_tool class="OctalAndDecimalIntegersMixed" enabled="true" level="WARNING" enabled_by_default="true" />
  <inspection_tool class="OnDemandImport" enabled="true" level="WARNING" enabled_by_default="true" />
  <inspection_tool class="OverlyComplexArithmeticExpression" enabled="true" level="WARNING" enabled_by_default="true">
    <option name="m_limit" value="6" />
  </inspection_tool>
  <inspection_tool class="OverlyComplexBooleanExpression" enabled="true" level="WARNING" enabled_by_default="true">
    <option name="m_limit" value="3" />
    <option name="m_ignorePureConjunctionsDisjunctions" value="true" />
  </inspection_tool>
  <inspection_tool class="OverlyLargePrimitiveArrayInitializer" enabled="true" level="WARNING" enabled_by_default="true">
    <option name="m_limit" value="64" />
  </inspection_tool>
  <inspection_tool class="OverlyStrongTypeCast" enabled="true" level="WARNING" enabled_by_default="true">
    <option name="ignoreInMatchingInstanceof" value="false" />
  </inspection_tool>
  <inspection_tool class="OverridableMethodCallDuringObjectConstruction" enabled="true" level="WARNING" enabled_by_default="true" />
  <inspection_tool class="OverriddenMethodCallDuringObjectConstruction" enabled="true" level="WARNING" enabled_by_default="true" />
  <inspection_tool class="PackageDotHtmlMayBePackageInfo" enabled="true" level="WARNING" enabled_by_default="true" />
  <inspection_tool class="PackageInMultipleModules" enabled="true" level="WARNING" enabled_by_default="true" />
  <inspection_tool class="PackageNamingConvention" enabled="true" level="WARNING" enabled_by_default="true">
    <option name="m_regex" value="[a-z]*" />
    <option name="m_minLength" value="1" />
    <option name="m_maxLength" value="16" />
  </inspection_tool>
  <inspection_tool class="PackageVisibleField" enabled="true" level="WARNING" enabled_by_default="true" />
  <inspection_tool class="PackageVisibleInnerClass" enabled="true" level="WARNING" enabled_by_default="true">
    <option name="ignoreEnums" value="false" />
    <option name="ignoreInterfaces" value="false" />
  </inspection_tool>
  <inspection_tool class="PackageWithTooFewClasses" enabled="true" level="WARNING" enabled_by_default="true">
    <option name="limit" value="3" />
  </inspection_tool>
  <inspection_tool class="PackageWithTooManyClasses" enabled="true" level="WARNING" enabled_by_default="true">
    <option name="limit" value="10" />
  </inspection_tool>
  <inspection_tool class="ParameterHidingMemberVariable" enabled="true" level="WARNING" enabled_by_default="true">
    <option name="m_ignoreInvisibleFields" value="true" />
    <option name="m_ignoreStaticMethodParametersHidingInstanceFields" value="false" />
    <option name="m_ignoreForConstructors" value="false" />
    <option name="m_ignoreForPropertySetters" value="false" />
    <option name="m_ignoreForAbstractMethods" value="false" />
  </inspection_tool>
  <inspection_tool class="ParameterNamingConvention" enabled="true" level="WARNING" enabled_by_default="true">
    <option name="m_regex" value="[a-z]+" />
    <option name="m_minLength" value="2" />
    <option name="m_maxLength" value="20" />
  </inspection_tool>
  <inspection_tool class="ParameterOfConcreteClass" enabled="true" level="WARNING" enabled_by_default="true" />
  <inspection_tool class="ParameterizedParametersStaticCollection" enabled="true" level="WARNING" enabled_by_default="true" />
  <inspection_tool class="ParametersPerMethod" enabled="true" level="WARNING" enabled_by_default="true">
    <option name="m_limit" value="5" />
  </inspection_tool>
  <inspection_tool class="PointlessIndexOfComparison" enabled="true" level="WARNING" enabled_by_default="true" />
  <inspection_tool class="ProtectedField" enabled="true" level="WARNING" enabled_by_default="true" />
  <inspection_tool class="ProtectedInnerClass" enabled="true" level="WARNING" enabled_by_default="true">
    <option name="ignoreEnums" value="false" />
    <option name="ignoreInterfaces" value="false" />
  </inspection_tool>
  <inspection_tool class="PublicConstructorInNonPublicClass" enabled="true" level="WARNING" enabled_by_default="true" />
  <inspection_tool class="PublicField" enabled="true" level="WARNING" enabled_by_default="true">
    <option name="ignoreEnums" value="false" />
    <option name="ignorableAnnotations">
      <value />
    </option>
  </inspection_tool>
  <inspection_tool class="PublicFieldAccessedInSynchronizedContext" enabled="true" level="WARNING" enabled_by_default="true" />
  <inspection_tool class="PublicInnerClass" enabled="false" level="WARNING" enabled_by_default="false">
    <option name="ignoreEnums" value="true" />
    <option name="ignoreInterfaces" value="true" />
  </inspection_tool>
  <inspection_tool class="PublicMethodNotExposedInInterface" enabled="false" level="WARNING" enabled_by_default="false">
    <option name="ignorableAnnotations">
      <value />
    </option>
    <option name="onlyWarnIfContainingClassImplementsAnInterface" value="true" />
  </inspection_tool>
  <inspection_tool class="PublicStaticArrayField" enabled="true" level="WARNING" enabled_by_default="true" />
  <inspection_tool class="PublicStaticCollectionField" enabled="true" level="WARNING" enabled_by_default="true" />
  <inspection_tool class="QuestionableName" enabled="true" level="WARNING" enabled_by_default="true">
    <option name="nameString" value="aa,abc,bad,bar,bar2,baz,baz1,baz2,baz3,bb,blah,bogus,bool,cc,dd,defau1t,dummy,dummy2,ee,fa1se,ff,foo,foo1,foo2,foo3,foobar,four,fred,fred1,fred2,gg,hh,hello,hello1,hello2,hello3,ii,nu11,one,silly,silly2,string,two,that,then,three,whi1e,var" />
  </inspection_tool>
  <inspection_tool class="RandomDoubleForRandomInteger" enabled="true" level="WARNING" enabled_by_default="true" />
  <inspection_tool class="ReadObjectAndWriteObjectPrivate" enabled="true" level="WARNING" enabled_by_default="true" />
  <inspection_tool class="ReadObjectInitialization" enabled="true" level="WARNING" enabled_by_default="true" />
  <inspection_tool class="ReadResolveAndWriteReplaceProtected" enabled="true" level="WARNING" enabled_by_default="true" />
  <inspection_tool class="RecordStoreResource" enabled="true" level="WARNING" enabled_by_default="true" />
  <inspection_tool class="RedundantFieldInitialization" enabled="true" level="WARNING" enabled_by_default="true" />
  <inspection_tool class="RedundantImplements" enabled="true" level="WARNING" enabled_by_default="true">
    <option name="ignoreSerializable" value="false" />
    <option name="ignoreCloneable" value="false" />
  </inspection_tool>
  <inspection_tool class="RedundantImport" enabled="true" level="WARNING" enabled_by_default="true" />
  <inspection_tool class="RedundantMethodOverride" enabled="true" level="WARNING" enabled_by_default="true" />
  <inspection_tool class="RedundantThrows" enabled="true" level="ERROR" enabled_by_default="true" />
  <inspection_tool class="RedundantThrowsDeclaration" enabled="true" level="WARNING" enabled_by_default="true" />
  <inspection_tool class="RefusedBequest" enabled="true" level="WARNING" enabled_by_default="true">
    <option name="ignoreEmptySuperMethods" value="false" />
  </inspection_tool>
  <inspection_tool class="ReplaceAssignmentWithOperatorAssignment" enabled="true" level="WARNING" enabled_by_default="true">
    <option name="ignoreLazyOperators" value="true" />
    <option name="ignoreObscureOperators" value="false" />
  </inspection_tool>
  <inspection_tool class="ResultOfObjectAllocationIgnored" enabled="true" level="WARNING" enabled_by_default="true" />
  <inspection_tool class="ResultSetIndexZero" enabled="true" level="WARNING" enabled_by_default="true" />
  <inspection_tool class="ReturnNull" enabled="true" level="WARNING" enabled_by_default="true">
    <option name="m_reportObjectMethods" value="true" />
    <option name="m_reportArrayMethods" value="true" />
    <option name="m_reportCollectionMethods" value="true" />
    <option name="m_ignorePrivateMethods" value="false" />
  </inspection_tool>
  <inspection_tool class="ReturnOfCollectionField" enabled="true" level="WARNING" enabled_by_default="true">
    <option name="ignorePrivateMethods" value="true" />
  </inspection_tool>
  <inspection_tool class="ReturnOfDateField" enabled="true" level="WARNING" enabled_by_default="true" />
  <inspection_tool class="ReuseOfLocalVariable" enabled="true" level="WARNING" enabled_by_default="true" />
  <inspection_tool class="RuntimeExec" enabled="true" level="WARNING" enabled_by_default="true" />
  <inspection_tool class="RuntimeExecWithNonConstantString" enabled="true" level="WARNING" enabled_by_default="true" />
  <inspection_tool class="SafeLock" enabled="true" level="WARNING" enabled_by_default="true" />
  <inspection_tool class="SamePackageImport" enabled="true" level="WARNING" enabled_by_default="true" />
  <inspection_tool class="SerialPersistentFieldsWithWrongSignature" enabled="true" level="WARNING" enabled_by_default="true" />
  <inspection_tool class="SerialVersionUIDNotStaticFinal" enabled="true" level="WARNING" enabled_by_default="true" />
  <inspection_tool class="SerializableHasSerialVersionUIDField" enabled="true" level="WARNING" enabled_by_default="true">
    <option name="superClassString" value="" />
  </inspection_tool>
  <inspection_tool class="SerializableInnerClassHasSerialVersionUIDField" enabled="true" level="WARNING" enabled_by_default="true">
    <option name="ignoreAnonymousInnerClasses" value="false" />
    <option name="superClassString" value="" />
  </inspection_tool>
  <inspection_tool class="SerializableInnerClassWithNonSerializableOuterClass" enabled="true" level="WARNING" enabled_by_default="true">
    <option name="ignoreAnonymousInnerClasses" value="false" />
    <option name="superClassString" value="" />
  </inspection_tool>
  <inspection_tool class="SerializableWithUnconstructableAncestor" enabled="true" level="WARNING" enabled_by_default="true" />
  <inspection_tool class="SetReplaceableByEnumSet" enabled="true" level="WARNING" enabled_by_default="true" />
  <inspection_tool class="SetupCallsSuperSetup" enabled="true" level="WARNING" enabled_by_default="true" />
  <inspection_tool class="SetupIsPublicVoidNoArg" enabled="true" level="WARNING" enabled_by_default="true" />
  <inspection_tool class="SignalWithoutCorrespondingAwait" enabled="true" level="WARNING" enabled_by_default="true" />
  <inspection_tool class="SimpleDateFormatWithoutLocale" enabled="true" level="WARNING" enabled_by_default="true" />
  <inspection_tool class="SimplifiableAnnotation" enabled="true" level="WARNING" enabled_by_default="true" />
  <inspection_tool class="SimplifiableEqualsExpression" enabled="true" level="WARNING" enabled_by_default="true" />
  <inspection_tool class="SimplifiableJUnitAssertion" enabled="true" level="WARNING" enabled_by_default="true" />
  <inspection_tool class="SingleCharacterStartsWith" enabled="true" level="WARNING" enabled_by_default="true" />
  <inspection_tool class="Singleton" enabled="true" level="WARNING" enabled_by_default="true" />
  <inspection_tool class="SizeReplaceableByIsEmpty" enabled="true" level="WARNING" enabled_by_default="true" />
  <inspection_tool class="SleepWhileHoldingLock" enabled="true" level="WARNING" enabled_by_default="true" />
  <inspection_tool class="SocketResource" enabled="true" level="WARNING" enabled_by_default="true">
    <option name="insideTryAllowed" value="false" />
  </inspection_tool>
  <inspection_tool class="StandardVariableNames" enabled="true" level="WARNING" enabled_by_default="true" />
  <inspection_tool class="StaticCallOnSubclass" enabled="true" level="WARNING" enabled_by_default="true" />
  <inspection_tool class="StaticCollection" enabled="true" level="WARNING" enabled_by_default="true">
    <option name="m_ignoreWeakCollections" value="false" />
  </inspection_tool>
  <inspection_tool class="StaticFieldReferenceOnSubclass" enabled="true" level="WARNING" enabled_by_default="true" />
  <inspection_tool class="StaticGuardedByInstance" enabled="true" level="WARNING" enabled_by_default="true" />
  <inspection_tool class="StaticImport" enabled="true" level="WARNING" enabled_by_default="true">
    <option name="allowedClasses">
      <set>
        <option value="org.junit.jupiter.api.Assertions" />
        <option value="org.springframework.web.reactive.function.server.RequestPredicates" />
      </set>
    </option>
  </inspection_tool>
  <inspection_tool class="StaticInheritance" enabled="true" level="WARNING" enabled_by_default="true" />
  <inspection_tool class="StaticMethodNamingConvention" enabled="true" level="WARNING" enabled_by_default="true">
    <option name="m_regex" value="[a-z][A-Za-z\d]*" />
    <option name="m_minLength" value="3" />
    <option name="m_maxLength" value="32" />
  </inspection_tool>
  <inspection_tool class="StaticNonFinalField" enabled="true" level="WARNING" enabled_by_default="true" />
  <inspection_tool class="StaticVariableInitialization" enabled="true" level="WARNING" enabled_by_default="true">
    <option name="m_ignorePrimitives" value="false" />
  </inspection_tool>
  <inspection_tool class="StaticVariableNamingConvention" enabled="true" level="WARNING" enabled_by_default="true">
    <option name="checkMutableFinals" value="false" />
    <option name="m_regex" value="[a-z]+" />
    <option name="m_minLength" value="3" />
    <option name="m_maxLength" value="32" />
  </inspection_tool>
  <inspection_tool class="StaticVariableOfConcreteClass" enabled="true" level="WARNING" enabled_by_default="true" />
  <inspection_tool class="StaticVariableUninitializedUse" enabled="true" level="WARNING" enabled_by_default="true">
    <option name="m_ignorePrimitives" value="false" />
  </inspection_tool>
  <inspection_tool class="StringBufferField" enabled="true" level="WARNING" enabled_by_default="true" />
  <inspection_tool class="StringBufferMustHaveInitialCapacity" enabled="true" level="WARNING" enabled_by_default="true" />
  <inspection_tool class="StringBufferReplaceableByString" enabled="false" level="WARNING" enabled_by_default="false" />
  <inspection_tool class="StringBufferToStringInConcatenation" enabled="true" level="WARNING" enabled_by_default="true" />
  <inspection_tool class="StringCompareTo" enabled="true" level="WARNING" enabled_by_default="true" />
  <inspection_tool class="StringConcatenation" enabled="true" level="WARNING" enabled_by_default="true">
    <option name="ignoreAsserts" value="false" />
    <option name="ignoreSystemOuts" value="false" />
    <option name="ignoreSystemErrs" value="false" />
    <option name="ignoreThrowableArguments" value="false" />
    <option name="ignoreConstantInitializers" value="false" />
    <option name="ignoreInTestCode" value="false" />
    <option name="ignoreInToString" value="false" />
  </inspection_tool>
  <inspection_tool class="StringConcatenationArgumentToLogCall" enabled="true" level="WARNING" enabled_by_default="true" />
  <inspection_tool class="StringConcatenationInFormatCall" enabled="true" level="WARNING" enabled_by_default="true" />
  <inspection_tool class="StringConcatenationInMessageFormatCall" enabled="true" level="WARNING" enabled_by_default="true" />
  <inspection_tool class="StringConcatenationMissingWhitespace" enabled="true" level="WARNING" enabled_by_default="true" />
  <inspection_tool class="StringEqualsEmptyString" enabled="true" level="WARNING" enabled_by_default="true" />
  <inspection_tool class="StringReplaceableByStringBuffer" enabled="true" level="WARNING" enabled_by_default="true">
    <option name="onlyWarnOnLoop" value="true" />
  </inspection_tool>
  <inspection_tool class="StringToUpperWithoutLocale" enabled="true" level="WARNING" enabled_by_default="true" />
  <inspection_tool class="StringTokenizer" enabled="true" level="WARNING" enabled_by_default="true" />
  <inspection_tool class="SubtractionInCompareTo" enabled="true" level="WARNING" enabled_by_default="true" />
  <inspection_tool class="SuspiciousArrayCast" enabled="true" level="WARNING" enabled_by_default="true" />
  <inspection_tool class="SwitchStatement" enabled="true" level="WARNING" enabled_by_default="true" />
  <inspection_tool class="SwitchStatementDensity" enabled="true" level="WARNING" enabled_by_default="true">
    <option name="m_limit" value="20" />
  </inspection_tool>
  <inspection_tool class="SwitchStatementWithConfusingDeclaration" enabled="true" level="WARNING" enabled_by_default="true" />
  <inspection_tool class="SwitchStatementWithTooManyBranches" enabled="true" level="WARNING" enabled_by_default="true">
    <option name="m_limit" value="10" />
  </inspection_tool>
  <inspection_tool class="SwitchStatementsWithoutDefault" enabled="true" level="WARNING" enabled_by_default="true">
    <option name="m_ignoreFullyCoveredEnums" value="true" />
  </inspection_tool>
  <inspection_tool class="SynchronizationOnStaticField" enabled="true" level="WARNING" enabled_by_default="true" />
  <inspection_tool class="SynchronizeOnLock" enabled="true" level="WARNING" enabled_by_default="true" />
  <inspection_tool class="SynchronizeOnThis" enabled="true" level="WARNING" enabled_by_default="true" />
  <inspection_tool class="SynchronizedMethod" enabled="true" level="WARNING" enabled_by_default="true">
    <option name="m_includeNativeMethods" value="true" />
    <option name="ignoreSynchronizedSuperMethods" value="true" />
  </inspection_tool>
  <inspection_tool class="SynchronizedOnLiteralObject" enabled="true" level="WARNING" enabled_by_default="true" />
  <inspection_tool class="SystemExit" enabled="true" level="WARNING" enabled_by_default="true" />
  <inspection_tool class="SystemGC" enabled="true" level="WARNING" enabled_by_default="true" />
  <inspection_tool class="SystemGetenv" enabled="true" level="WARNING" enabled_by_default="true" />
  <inspection_tool class="SystemOutErr" enabled="true" level="WARNING" enabled_by_default="true" />
  <inspection_tool class="SystemProperties" enabled="true" level="WARNING" enabled_by_default="true" />
  <inspection_tool class="SystemSetSecurityManager" enabled="true" level="WARNING" enabled_by_default="true" />
  <inspection_tool class="TailRecursion" enabled="true" level="WARNING" enabled_by_default="true" />
  <inspection_tool class="TeardownCallsSuperTeardown" enabled="true" level="WARNING" enabled_by_default="true" />
  <inspection_tool class="TeardownIsPublicVoidNoArg" enabled="true" level="WARNING" enabled_by_default="true" />
  <inspection_tool class="TestCaseInProductCode" enabled="true" level="WARNING" enabled_by_default="true" />
  <inspection_tool class="TestCaseWithConstructor" enabled="true" level="WARNING" enabled_by_default="true" />
  <inspection_tool class="TestCaseWithNoTestMethods" enabled="true" level="WARNING" enabled_by_default="true">
    <option name="ignoreSupers" value="false" />
  </inspection_tool>
  <inspection_tool class="TestMethodInProductCode" enabled="true" level="WARNING" enabled_by_default="true" />
  <inspection_tool class="TestMethodWithoutAssertion" enabled="true" level="WARNING" enabled_by_default="true">
    <option name="assertionMethods" value="org.junit.Assert,assert.*|fail.*,junit.framework.Assert,assert.*|fail.*,org.mockito.Mockito,verify.*,org.junit.rules.ExpectedException,expect.*,org.hamcrest.MatcherAssert,assertThat,org.junit.jupiter.api.Assertions,assertThrows,org.assertj.core.api.Assertions,assertThat" />
  </inspection_tool>
  <inspection_tool class="TestOnlyProblems" enabled="true" level="WARNING" enabled_by_default="true" />
  <inspection_tool class="ThisEscapedInConstructor" enabled="true" level="WARNING" enabled_by_default="true" />
  <inspection_tool class="ThreadDeathRethrown" enabled="true" level="WARNING" enabled_by_default="true" />
  <inspection_tool class="ThreadDumpStack" enabled="true" level="WARNING" enabled_by_default="true" />
  <inspection_tool class="ThreadLocalNotStaticFinal" enabled="true" level="WARNING" enabled_by_default="true" />
  <inspection_tool class="ThreadPriority" enabled="true" level="WARNING" enabled_by_default="true" />
  <inspection_tool class="ThreadStartInConstruction" enabled="true" level="WARNING" enabled_by_default="true" />
  <inspection_tool class="ThreadStopSuspendResume" enabled="true" level="WARNING" enabled_by_default="true" />
  <inspection_tool class="ThreadYield" enabled="true" level="WARNING" enabled_by_default="true" />
  <inspection_tool class="ThrowCaughtLocally" enabled="true" level="WARNING" enabled_by_default="true">
    <option name="ignoreRethrownExceptions" value="false" />
  </inspection_tool>
  <inspection_tool class="ThrowablePrintStackTrace" enabled="true" level="WARNING" enabled_by_default="true" />
  <inspection_tool class="ThrownExceptionsPerMethod" enabled="true" level="WARNING" enabled_by_default="true">
    <option name="m_limit" value="3" />
  </inspection_tool>
  <inspection_tool class="ThrowsRuntimeException" enabled="true" level="WARNING" enabled_by_default="true" />
  <inspection_tool class="TimeToString" enabled="true" level="WARNING" enabled_by_default="true" />
  <inspection_tool class="TooBroadCatch" enabled="true" level="WARNING" enabled_by_default="true">
    <option name="ignoreInTestCode" value="true" />
    <option name="ignoreThrown" value="true" />
  </inspection_tool>
  <inspection_tool class="TooBroadScope" enabled="true" level="WARNING" enabled_by_default="true">
    <option name="m_allowConstructorAsInitializer" value="false" />
    <option name="m_onlyLookAtBlocks" value="false" />
  </inspection_tool>
  <inspection_tool class="TooBroadThrows" enabled="true" level="WARNING" enabled_by_default="true">
    <option name="ignoreInTestCode" value="true" />
    <option name="ignoreLibraryOverrides" value="true" />
    <option name="ignoreThrown" value="true" />
  </inspection_tool>
  <inspection_tool class="TransientFieldNotInitialized" enabled="true" level="WARNING" enabled_by_default="true" />
  <inspection_tool class="TrivialStringConcatenation" enabled="true" level="WARNING" enabled_by_default="true" />
  <inspection_tool class="TypeMayBeWeakened" enabled="true" level="WARNING" enabled_by_default="true">
    <option name="useRighthandTypeAsWeakestTypeInAssignments" value="true" />
    <option name="useParameterizedTypeForCollectionMethods" value="true" />
    <option name="doNotWeakenToJavaLangObject" value="true" />
    <option name="onlyWeakentoInterface" value="true" />
  </inspection_tool>
  <inspection_tool class="TypeParameterExtendsFinalClass" enabled="true" level="WARNING" enabled_by_default="true" />
  <inspection_tool class="TypeParameterNamingConvention" enabled="true" level="WARNING" enabled_by_default="true">
    <option name="m_regex" value="[A-Z][A-Za-z\d]*" />
    <option name="m_minLength" value="1" />
    <option name="m_maxLength" value="1" />
  </inspection_tool>
  <inspection_tool class="UnconditionalWait" enabled="true" level="WARNING" enabled_by_default="true" />
  <inspection_tool class="UndeclaredTests" enabled="true" level="WARNING" enabled_by_default="true" />
  <inspection_tool class="UnknownGuard" enabled="true" level="WARNING" enabled_by_default="true" />
  <inspection_tool class="UnnecessarilyQualifiedStaticUsage" enabled="true" level="WARNING" enabled_by_default="true">
    <option name="m_ignoreStaticFieldAccesses" value="true" />
    <option name="m_ignoreStaticMethodCalls" value="true" />
    <option name="m_ignoreStaticAccessFromStaticContext" value="false" />
  </inspection_tool>
  <inspection_tool class="UnnecessarilyQualifiedStaticallyImportedElement" enabled="true" level="WARNING" enabled_by_default="true" />
  <inspection_tool class="UnnecessaryBlockStatement" enabled="true" level="WARNING" enabled_by_default="true">
    <option name="ignoreSwitchBranches" value="false" />
  </inspection_tool>
  <inspection_tool class="UnnecessaryConstantArrayCreationExpression" enabled="true" level="WARNING" enabled_by_default="true" />
  <inspection_tool class="UnnecessaryConstructor" enabled="true" level="WARNING" enabled_by_default="true" />
  <inspection_tool class="UnnecessaryFinalOnLocalVariableOrParameter" enabled="true" level="WARNING" enabled_by_default="true">
    <option name="onlyWarnOnAbstractMethods" value="true" />
    <option name="reportLocalVariables" value="false" />
  </inspection_tool>
  <inspection_tool class="UnnecessaryFullyQualifiedName" enabled="true" level="WARNING" enabled_by_default="true">
    <option name="m_ignoreJavadoc" value="false" />
    <option name="ignoreInModuleStatements" value="true" />
  </inspection_tool>
  <inspection_tool class="UnnecessaryInheritDoc" enabled="true" level="WARNING" enabled_by_default="true" />
  <inspection_tool class="UnnecessaryJavaDocLink" enabled="true" level="WARNING" enabled_by_default="true">
    <option name="ignoreInlineLinkToSuper" value="false" />
  </inspection_tool>
  <inspection_tool class="UnnecessaryParentheses" enabled="true" level="WARNING" enabled_by_default="true">
    <option name="ignoreClarifyingParentheses" value="false" />
    <option name="ignoreParenthesesOnConditionals" value="false" />
    <option name="ignoreParenthesesOnLambdaParameter" value="false" />
  </inspection_tool>
  <inspection_tool class="UnnecessaryQualifierForThis" enabled="true" level="WARNING" enabled_by_default="true" />
  <inspection_tool class="UnnecessarySuperQualifier" enabled="true" level="WARNING" enabled_by_default="true" />
  <inspection_tool class="UnqualifiedFieldAccess" enabled="true" level="WARNING" enabled_by_default="true" />
  <inspection_tool class="UnqualifiedInnerClassAccess" enabled="true" level="WARNING" enabled_by_default="true">
    <option name="ignoreReferencesToLocalInnerClasses" value="false" />
  </inspection_tool>
  <inspection_tool class="UnqualifiedMethodAccess" enabled="true" level="WARNING" enabled_by_default="true" />
  <inspection_tool class="UnsecureRandomNumberGeneration" enabled="true" level="WARNING" enabled_by_default="true" />
  <inspection_tool class="UnusedCatchParameter" enabled="true" level="WARNING" enabled_by_default="true">
    <option name="m_ignoreCatchBlocksWithComments" value="false" />
    <option name="m_ignoreTestCases" value="false" />
  </inspection_tool>
  <inspection_tool class="UnusedDefine" enabled="true" level="WARNING" enabled_by_default="true" />
  <inspection_tool class="UnusedLibrary" enabled="true" level="WARNING" enabled_by_default="true" />
  <inspection_tool class="UpperCaseFieldNameNotConstant" enabled="true" level="WARNING" enabled_by_default="true" />
  <inspection_tool class="UseOfAWTPeerClass" enabled="true" level="WARNING" enabled_by_default="true" />
  <inspection_tool class="UseOfAnotherObjectsPrivateField" enabled="true" level="WARNING" enabled_by_default="true">
    <option name="ignoreSameClass" value="false" />
    <option name="ignoreEquals" value="false" />
  </inspection_tool>
  <inspection_tool class="UseOfJDBCDriverClass" enabled="true" level="WARNING" enabled_by_default="true" />
  <inspection_tool class="UseOfObsoleteAssert" enabled="true" level="WARNING" enabled_by_default="true" />
  <inspection_tool class="UseOfPropertiesAsHashtable" enabled="true" level="WARNING" enabled_by_default="true" />
  <inspection_tool class="UseOfSunClasses" enabled="true" level="WARNING" enabled_by_default="true" />
  <inspection_tool class="UtilityClass" enabled="true" level="WARNING" enabled_by_default="true">
    <option name="ignorableAnnotations">
      <value />
    </option>
  </inspection_tool>
  <inspection_tool class="UtilityClassWithPublicConstructor" enabled="true" level="WARNING" enabled_by_default="true" />
  <inspection_tool class="UtilityClassWithoutPrivateConstructor" enabled="true" level="WARNING" enabled_by_default="true">
    <option name="ignorableAnnotations">
      <value>
        <item value="lombok.ToString" />
      </value>
    </option>
    <option name="ignoreClassesWithOnlyMain" value="false" />
  </inspection_tool>
  <inspection_tool class="VariableNotUsedInsideIf" enabled="true" level="WARNING" enabled_by_default="true" />
  <inspection_tool class="VolatileArrayField" enabled="true" level="WARNING" enabled_by_default="true" />
  <inspection_tool class="VolatileLongOrDoubleField" enabled="true" level="WARNING" enabled_by_default="true" />
  <inspection_tool class="WaitCalledOnCondition" enabled="true" level="WARNING" enabled_by_default="true" />
  <inspection_tool class="WaitNotInLoop" enabled="true" level="WARNING" enabled_by_default="true" />
  <inspection_tool class="WaitNotInSynchronizedContext" enabled="true" level="WARNING" enabled_by_default="true" />
  <inspection_tool class="WaitOrAwaitWithoutTimeout" enabled="true" level="WARNING" enabled_by_default="true" />
  <inspection_tool class="WaitWithoutCorrespondingNotify" enabled="true" level="WARNING" enabled_by_default="true" />
  <inspection_tool class="WhileLoopSpinsOnField" enabled="true" level="WARNING" enabled_by_default="true">
    <option name="ignoreNonEmtpyLoops" value="false" />
  </inspection_tool>
  <inspection_tool class="ZeroLengthArrayInitialization" enabled="true" level="WARNING" enabled_by_default="true" />
</profile>