<code_scheme name="be" version="173">
  <option name="OTHER_INDENT_OPTIONS">
    <value>
      <option name="CONTINUATION_INDENT_SIZE" value="4" />
    </value>
  </option>
  <option name="GENERATE_FINAL_LOCALS" value="true" />
  <option name="GENERATE_FINAL_PARAMETERS" value="true" />
  <option name="LAYOUT_STATIC_IMPORTS_SEPARATELY" value="false" />
  <option name="CLASS_COUNT_TO_USE_IMPORT_ON_DEMAND" value="100" />
  <option name="NAMES_COUNT_TO_USE_IMPORT_ON_DEMAND" value="100" />
  <option name="PACKAGES_TO_USE_IMPORT_ON_DEMAND">
    <value />
  </option>
  <option name="IMPORT_LAYOUT_TABLE">
    <value>
      <package name="" withSubpackages="true" static="false" />
    </value>
  </option>
  <option name="STATIC_FIELDS_ORDER_WEIGHT" value="2" />
  <option name="FIELDS_ORDER_WEIGHT" value="1" />
  <option name="RIGHT_MARGIN" value="80" />
  <GroovyCodeStyleSettings>
    <option name="STATIC_FIELDS_ORDER_WEIGHT" value="2" />
    <option name="FIELDS_ORDER_WEIGHT" value="1" />
    <option name="CLASS_COUNT_TO_USE_IMPORT_ON_DEMAND" value="100" />
    <option name="NAMES_COUNT_TO_USE_IMPORT_ON_DEMAND" value="100" />
    <option name="IMPORT_LAYOUT_TABLE">
      <value>
        <package name="" withSubpackages="true" static="false" />
        <package name="" withSubpackages="true" static="true" />
      </value>
    </option>
  </GroovyCodeStyleSettings>
  <JavaCodeStyleSettings>
    <option name="GENERATE_FINAL_LOCALS" value="true" />
    <option name="GENERATE_FINAL_PARAMETERS" value="true" />
    <option name="LAYOUT_STATIC_IMPORTS_SEPARATELY" value="false" />
    <option name="CLASS_COUNT_TO_USE_IMPORT_ON_DEMAND" value="100" />
    <option name="NAMES_COUNT_TO_USE_IMPORT_ON_DEMAND" value="100" />
    <option name="PACKAGES_TO_USE_IMPORT_ON_DEMAND">
      <value />
    </option>
    <option name="IMPORT_LAYOUT_TABLE">
      <value>
        <package name="" withSubpackages="true" static="false" />
      </value>
    </option>
  </JavaCodeStyleSettings>
  <MarkdownNavigatorCodeStyleSettings>
    <option name="RIGHT_MARGIN" value="72" />
  </MarkdownNavigatorCodeStyleSettings>
  <ScalaCodeStyleSettings>
    <option name="MULTILINE_STRING_CLOSING_QUOTES_ON_NEW_LINE" value="true" />
  </ScalaCodeStyleSettings>
  <XML>
    <option name="XML_ATTRIBUTE_WRAP" value="0" />
    <option name="XML_ALIGN_ATTRIBUTES" value="false" />
  </XML>
  <codeStyleSettings language="Groovy">
    <indentOptions>
      <option name="INDENT_SIZE" value="2" />
      <option name="CONTINUATION_INDENT_SIZE" value="2" />
      <option name="TAB_SIZE" value="2" />
    </indentOptions>
  </codeStyleSettings>
  <codeStyleSettings language="HTML">
    <indentOptions>
      <option name="CONTINUATION_INDENT_SIZE" value="4" />
    </indentOptions>
  </codeStyleSettings>
  <codeStyleSettings language="JAVA">
    <option name="KEEP_BLANK_LINES_IN_DECLARATIONS" value="1" />
    <option name="KEEP_BLANK_LINES_IN_CODE" value="1" />
    <option name="KEEP_BLANK_LINES_BEFORE_RBRACE" value="1" />
    <option name="ALIGN_MULTILINE_PARAMETERS" value="false" />
    <indentOptions>
      <option name="CONTINUATION_INDENT_SIZE" value="4" />
    </indentOptions>
    <arrangement>
      <groups>
        <group>
          <type>GETTERS_AND_SETTERS</type>
          <order>KEEP</order>
        </group>
        <group>
          <type>OVERRIDDEN_METHODS</type>
          <order>KEEP</order>
        </group>
        <group>
          <type>DEPENDENT_METHODS</type>
          <order>DEPTH_FIRST</order>
        </group>
      </groups>
    </arrangement>
  </codeStyleSettings>
  <codeStyleSettings language="JavaScript">
    <indentOptions>
      <option name="INDENT_SIZE" value="2" />
      <option name="CONTINUATION_INDENT_SIZE" value="2" />
      <option name="TAB_SIZE" value="2" />
    </indentOptions>
  </codeStyleSettings>
  <codeStyleSettings language="XML">
    <indentOptions>
      <option name="CONTINUATION_INDENT_SIZE" value="4" />
    </indentOptions>
  </codeStyleSettings>
</code_scheme>