<keymap version="1" name="IntelliJ IDEA Classic copy" parent="Mac OS X">
  <action id="ActivateBigDataToolWindowToolWindow">
    <keyboard-shortcut first-keystroke="shift ctrl meta b" />
  </action>
  <action id="ActivateDatabaseToolWindow">
    <keyboard-shortcut first-keystroke="meta back_slash" />
  </action>
  <action id="CodeCompletion">
    <keyboard-shortcut first-keystroke="alt space" />
  </action>
  <action id="EditorMatchBrace" />
  <action id="Groovy.NewClass">
    <keyboard-shortcut first-keystroke="meta minus" />
    <keyboard-shortcut first-keystroke="shift alt minus" />
  </action>
  <action id="InsertLiveTemplate" />
  <action id="NewClass">
    <keyboard-shortcut first-keystroke="shift #10000b1" />
    <keyboard-shortcut first-keystroke="shift back_quote" />
  </action>
  <action id="NewTypeScriptFile">
    <keyboard-shortcut first-keystroke="shift #10000a7" />
  </action>
  <action id="Scala.ShowImplicits">
    <keyboard-shortcut first-keystroke="shift ctrl alt equals" />
    <keyboard-shortcut first-keystroke="shift ctrl alt add" />
  </action>
  <action id="ToggleZenMode">
    <keyboard-shortcut first-keystroke="shift meta f" />
  </action>
</keymap>