<application>
  <component name="MavenWrapperMapping">
    <option name="mapping">
      <map>
        <entry key="https://repo.maven.apache.org/maven2/org/apache/maven/apache-maven/3.2.5/apache-maven-3.2.5-bin.zip" value="$USER_HOME$/.m2/wrapper/dists/apache-maven-3.2.5-bin/3fgn2ao4aofve1o9s685nh9rgh/apache-maven-3.2.5" />
        <entry key="https://repo.maven.apache.org/maven2/org/apache/maven/apache-maven/3.5.4/apache-maven-3.5.4-bin.zip" value="$USER_HOME$/.m2/wrapper/dists/apache-maven-3.5.4-bin/4lcg54ki11c6mp435njk296gm5/apache-maven-3.5.4" />
        <entry key="https://repo.maven.apache.org/maven2/org/apache/maven/apache-maven/3.6.1/apache-maven-3.6.1-bin.zip" value="$USER_HOME$/.m2/wrapper/dists/apache-maven-3.6.1-bin/38pn40mp89t5c94bjdbeod370m/apache-maven-3.6.1" />
        <entry key="https://repo.maven.apache.org/maven2/org/apache/maven/apache-maven/3.8.1/apache-maven-3.8.1-bin.zip" value="$USER_HOME$/.m2/wrapper/dists/apache-maven-3.8.1-bin/2l5mhf2pq2clrde7f7qp1rdt5m/apache-maven-3.8.1" />
        <entry key="https://repo.maven.apache.org/maven2/org/apache/maven/apache-maven/3.8.3/apache-maven-3.8.3-bin.zip" value="$USER_HOME$/.m2/wrapper/dists/apache-maven-3.8.3-bin/5a6n1u8or3307vo2u2jgmkhm0t/apache-maven-3.8.3" />
        <entry key="https://repo.maven.apache.org/maven2/org/apache/maven/apache-maven/3.8.5/apache-maven-3.8.5-bin.zip" value="$USER_HOME$/.m2/wrapper/dists/apache-maven-3.8.5-bin/5i5jha092a3i37g0paqnfr15e0/apache-maven-3.8.5" />
        <entry key="https://repo.maven.apache.org/maven2/org/apache/maven/apache-maven/3.8.6/apache-maven-3.8.6-bin.zip" value="$USER_HOME$/.m2/wrapper/dists/apache-maven-3.8.6-bin/1ks0nkde5v1pk9vtc31i9d0lcd/apache-maven-3.8.6" />
        <entry key="https://repo.maven.apache.org/maven2/org/apache/maven/apache-maven/3.9.5/apache-maven-3.9.5-bin.zip" value="$USER_HOME$/.m2/wrapper/dists/apache-maven-3.9.5-bin/2adeog8mj13csp1uusqnc1f2mo/apache-maven-3.9.5" />
      </map>
    </option>
  </component>
</application>